age,risk_score,investment_horizon_years,salary_lpa,monthly_investment,equity_allocation,debt_allocation,hybrid_allocation
56,0.322,6,18.85,10192,0.195,0.354,0.45
46,0.81,29,26.99,46413,0.484,0.209,0.307
32,0.255,11,14.41,22816,0.21,0.323,0.468
60,0.682,2,19.0,49082,0.254,0.422,0.324
25,0.76,28,19.68,75048,0.508,0.164,0.328
38,0.596,23,18.57,60940,0.415,0.22,0.365
56,0.472,19,21.67,42130,0.346,0.274,0.38
36,0.412,19,8.65,50142,0.349,0.261,0.39
40,0.349,5,16.35,46468,0.209,0.449,0.342
28,0.93,19,4.92,40698,0.48,0.158,0.362
28,0.831,2,12.77,20655,0.31,0.372,0.318
41,0.965,10,15.65,57897,0.351,0.198,0.451
53,0.124,25,20.26,40075,0.314,0.372,0.314
57,0.731,2,28.61,19359,0.274,0.417,0.31
41,0.938,11,18.82,52056,0.345,0.202,0.452
20,0.181,18,22.82,61831,0.376,0.271,0.353
39,0.066,29,16.18,69191,0.347,0.359,0.294
19,0.741,24,19.75,43272,0.48,0.172,0.348
41,0.574,15,3.99,24671,0.338,0.249,0.413
61,0.842,9,9.12,37048,0.273,0.265,0.462
47,0.14,23,12.13,86274,0.333,0.333,0.334
55,0.795,19,15.23,35963,0.411,0.229,0.361
19,0.202,9,3.28,53954,0.215,0.311,0.473
38,0.164,3,5.92,82309,0.182,0.498,0.32
50,0.164,21,9.75,10717,0.276,0.377,0.348
29,0.815,9,29.2,21676,0.34,0.215,0.445
39,0.665,28,11.28,14434,0.403,0.251,0.346
61,0.523,14,15.5,59810,0.226,0.284,0.49
42,0.359,19,7.49,14994,0.309,0.306,0.384
44,0.877,7,19.1,14234,0.314,0.242,0.444
59,0.392,16,9.86,79300,0.325,0.282,0.393
45,0.817,16,7.8,53949,0.423,0.197,0.38
33,0.439,28,16.46,47405,0.39,0.258,0.351
32,0.377,1,2.15,44872,0.194,0.46,0.346
64,0.463,4,2.21,52215,0.161,0.475,0.364
61,0.301,4,8.13,33185,0.143,0.52,0.337
20,0.748,7,3.03,53442,0.31,0.211,0.479
54,0.503,8,5.02,61759,0.218,0.292,0.49
24,0.232,17,11.49,51153,0.346,0.279,0.375
38,0.9,5,24.47,87535,0.373,0.318,0.309
26,0.384,7,18.02,12581,0.241,0.294,0.466
56,0.544,28,16.35,61717,0.382,0.268,0.351
35,0.906,20,10.22,12763,0.454,0.192,0.353
21,0.624,29,28.09,65480,0.485,0.184,0.331
42,0.117,20,13.12,48759,0.311,0.346,0.343
31,0.94,4,4.44,86067,0.356,0.323,0.321
26,0.628,28,19.28,35307,0.442,0.215,0.343
43,0.335,6,5.19,21064,0.191,0.339,0.471
19,0.139,7,11.67,86848,0.246,0.304,0.45
37,0.794,18,16.21,47548,0.446,0.188,0.367
45,0.62,5,26.48,46945,0.273,0.39,0.338
64,0.533,20,15.82,57937,0.346,0.273,0.381
24,0.894,29,21.66,16476,0.52,0.175,0.305
61,0.789,3,29.8,61756,0.308,0.387,0.306
25,0.152,7,5.68,12382,0.185,0.357,0.458
64,0.312,27,9.69,59683,0.316,0.343,0.341
52,0.248,28,13.05,97999,0.36,0.314,0.326
31,0.744,22,13.81,55276,0.453,0.187,0.36
34,0.034,14,13.51,43402,0.184,0.361,0.455
53,0.57,7,27.41,36946,0.265,0.28,0.456
57,0.762,5,21.99,89698,0.304,0.371,0.325
21,0.877,29,19.02,83933,0.561,0.129,0.31
19,0.342,22,10.66,32335,0.366,0.263,0.371
23,0.821,5,25.07,55095,0.357,0.323,0.32
59,0.111,23,28.74,89930,0.346,0.342,0.312
21,0.846,2,24.99,37197,0.362,0.333,0.305
46,0.127,27,2.04,32010,0.283,0.391,0.326
35,0.397,21,19.82,34123,0.364,0.267,0.369
43,0.797,22,3.43,97923,0.457,0.179,0.364
61,0.15,6,9.21,12890,0.145,0.412,0.443
51,0.229,15,3.67,18026,0.264,0.35,0.386
27,0.722,21,18.91,74925,0.471,0.168,0.361
53,0.72,10,21.22,78842,0.301,0.238,0.46
31,0.641,23,5.21,43665,0.404,0.219,0.377
48,0.694,26,12.75,19277,0.397,0.255,0.348
32,0.543,24,14.77,52239,0.401,0.227,0.372
25,0.252,7,12.33,57664,0.238,0.302,0.46
31,0.346,5,5.39,58008,0.202,0.443,0.355
40,0.182,1,13.73,24683,0.168,0.527,0.306
57,0.908,13,23.03,10670,0.299,0.249,0.452
38,0.583,21,3.99,99211,0.404,0.205,0.391
33,0.401,26,4.25,27889,0.345,0.287,0.368
62,0.462,18,11.93,65612,0.329,0.279,0.392
35,0.947,13,28.37,54535,0.37,0.183,0.447
64,0.153,21,20.72,88542,0.323,0.344,0.333
41,0.586,21,21.0,64319,0.409,0.22,0.371
43,0.506,18,12.13,31639,0.345,0.257,0.399
42,0.611,5,18.62,74712,0.274,0.379,0.347
62,0.018,13,2.28,26633,0.11,0.43,0.459
58,0.872,4,19.81,44660,0.299,0.391,0.31
46,0.932,17,27.57,78975,0.504,0.154,0.342
32,0.565,3,19.15,42172,0.264,0.391,0.345
62,0.697,17,26.46,69197,0.409,0.226,0.365
18,0.922,28,22.27,68847,0.572,0.122,0.306
42,0.707,11,5.38,21577,0.251,0.263,0.486
24,0.153,21,27.27,87299,0.397,0.271,0.332
26,0.576,20,3.86,30176,0.376,0.226,0.398
41,0.607,23,16.95,54386,0.407,0.228,0.365
18,0.424,21,5.98,73972,0.392,0.217,0.391
61,0.736,26,2.33,99791,0.419,0.229,0.352
25,0.934,4,13.82,51003,0.361,0.326,0.313
41,0.926,2,10.26,29996,0.314,0.379,0.306
28,0.451,20,15.61,96598,0.408,0.207,0.385
34,0.113,16,18.16,45931,0.324,0.322,0.355
25,0.985,28,3.22,45710,0.535,0.147,0.317
52,0.839,18,5.44,44693,0.413,0.216,0.372
52,0.125,8,17.64,45740,0.188,0.373,0.438
50,0.921,3,11.61,87241,0.336,0.355,0.309
22,0.87,9,22.42,86502,0.385,0.164,0.451
59,0.519,29,20.26,27374,0.359,0.296,0.345
56,0.591,20,25.68,86674,0.406,0.227,0.366
58,0.399,29,21.39,91471,0.384,0.283,0.333
45,0.055,6,14.04,55913,0.188,0.382,0.431
24,0.335,10,20.84,76025,0.272,0.262,0.466
26,0.803,21,9.71,54516,0.468,0.169,0.363
25,0.005,10,10.58,97796,0.219,0.335,0.446
29,0.333,13,24.09,36069,0.247,0.283,0.469
51,0.398,17,14.5,66233,0.341,0.272,0.387
50,0.537,9,24.35,94811,0.283,0.25,0.467
40,0.92,17,25.03,69049,0.501,0.152,0.347
41,0.346,24,26.01,49178,0.376,0.28,0.344
54,0.347,9,27.67,42821,0.232,0.316,0.451
52,0.738,9,14.07,61727,0.286,0.249,0.465
61,0.452,1,10.93,70935,0.2,0.458,0.342
57,0.225,2,18.3,26999,0.161,0.53,0.309
39,0.452,28,12.39,72522,0.39,0.253,0.356
44,0.141,16,18.83,48712,0.315,0.329,0.356
52,0.176,29,21.76,74551,0.355,0.341,0.303
18,0.498,1,21.28,50172,0.282,0.374,0.344
52,0.419,10,12.49,43722,0.213,0.308,0.479
54,0.915,18,6.67,20625,0.418,0.221,0.361
64,0.362,26,14.05,77165,0.34,0.313,0.347
31,0.581,28,5.99,86509,0.429,0.209,0.363
20,0.632,8,26.92,16859,0.308,0.232,0.46
18,0.013,21,11.68,51609,0.336,0.334,0.33
22,0.664,28,6.32,53307,0.448,0.198,0.354
43,0.178,11,2.71,31839,0.164,0.363,0.473
31,0.961,23,20.08,37216,0.52,0.156,0.324
56,0.149,2,19.83,62953,0.176,0.526,0.297
44,0.415,8,11.54,94481,0.25,0.274,0.476
26,0.085,27,4.01,70593,0.342,0.337,0.321
32,0.997,22,13.47,82075,0.545,0.124,0.331
32,0.502,8,10.71,59522,0.257,0.256,0.487
43,0.595,17,20.96,14886,0.371,0.245,0.384
59,0.067,15,18.96,17485,0.263,0.389,0.348
30,0.75,17,12.21,41455,0.431,0.188,0.381
49,0.21,28,8.1,26767,0.303,0.37,0.326
56,0.898,23,29.67,38453,0.475,0.207,0.318
49,0.205,24,14.71,86280,0.346,0.318,0.336
21,0.191,13,21.27,63442,0.249,0.291,0.461
47,0.037,19,5.94,61877,0.282,0.374,0.344
54,0.472,5,15.6,22226,0.191,0.453,0.356
40,0.565,12,2.77,32588,0.224,0.274,0.502
56,0.066,1,16.15,88976,0.171,0.544,0.285
62,0.776,23,28.99,41709,0.432,0.236,0.331
32,0.453,5,12.76,57788,0.234,0.406,0.36
60,0.524,8,3.09,98031,0.23,0.28,0.49
46,0.441,13,2.87,47019,0.202,0.295,0.503
53,0.401,8,12.86,54948,0.218,0.31,0.471
30,0.56,25,6.48,75133,0.41,0.213,0.376
49,0.155,23,2.65,76458,0.305,0.348,0.346
24,0.182,11,23.17,37526,0.236,0.312,0.452
39,0.862,1,14.84,83493,0.348,0.347,0.306
45,0.946,13,10.1,62198,0.328,0.205,0.468
19,0.373,19,27.2,53395,0.406,0.226,0.368
59,0.271,24,5.25,34031,0.287,0.36,0.353
62,0.644,3,28.77,85542,0.284,0.394,0.323
23,0.409,24,10.79,47701,0.383,0.246,0.371
45,0.025,17,26.88,35939,0.309,0.362,0.329
45,0.156,5,18.88,59145,0.186,0.5,0.314
61,0.716,20,25.15,30324,0.397,0.249,0.353
61,0.659,21,29.55,32867,0.394,0.255,0.351
37,0.027,8,10.08,10203,0.158,0.402,0.44
47,0.222,26,28.91,26544,0.348,0.336,0.316
28,0.231,14,12.91,25899,0.207,0.317,0.476
45,0.672,4,12.79,39063,0.251,0.407,0.342
42,0.02,11,11.53,13748,0.153,0.401,0.446
56,0.104,20,17.16,76629,0.313,0.352,0.335
50,0.8,15,6.32,90764,0.428,0.186,0.386
18,0.179,19,17.5,30884,0.353,0.293,0.355
44,0.653,7,17.17,35183,0.273,0.263,0.463
30,0.238,19,23.33,91570,0.389,0.257,0.354
58,0.099,28,25.34,81246,0.345,0.363,0.292
20,0.243,19,14.33,29259,0.351,0.284,0.366
56,0.722,11,10.47,45959,0.259,0.266,0.476
23,0.856,26,9.26,43457,0.498,0.166,0.337
25,0.83,5,7.45,95679,0.346,0.317,0.337
44,0.397,5,3.61,12103,0.158,0.481,0.361
26,0.668,22,11.59,75901,0.449,0.18,0.371
54,0.205,8,9.57,54535,0.184,0.36,0.456
50,0.293,10,29.06,26103,0.224,0.328,0.448
59,0.896,6,17.62,88278,0.337,0.224,0.438
61,0.013,15,11.72,22391,0.239,0.413,0.348
41,0.086,16,18.25,38901,0.305,0.345,0.35
32,0.208,28,5.9,91159,0.369,0.3,0.331
49,0.027,17,14.43,77914,0.303,0.356,0.341
49,0.181,8,19.53,60357,0.212,0.346,0.442
41,0.583,8,15.69,96908,0.291,0.236,0.474
58,0.421,25,13.25,48437,0.336,0.304,0.36
29,0.893,9,29.83,45503,0.371,0.19,0.439
56,0.817,2,26.65,85403,0.332,0.366,0.302
19,0.342,15,19.46,51258,0.378,0.235,0.387
20,0.259,18,17.94,43724,0.366,0.266,0.368
54,0.38,3,19.38,74286,0.219,0.448,0.333
34,0.59,17,7.64,84842,0.4,0.199,0.401
19,0.268,4,13.06,24908,0.208,0.458,0.334
19,0.624,4,3.1,60626,0.272,0.366,0.362
45,0.409,14,15.32,47228,0.224,0.29,0.487
40,0.552,9,17.2,33386,0.254,0.269,0.477
54,0.436,9,8.38,56754,0.212,0.305,0.483
49,0.294,25,28.99,38302,0.359,0.312,0.329
50,0.948,26,27.46,70815,0.526,0.172,0.302
18,0.764,23,22.22,94748,0.521,0.132,0.347
36,0.14,18,16.93,73344,0.342,0.307,0.351
19,0.868,10,26.36,45618,0.372,0.179,0.45
61,0.487,21,5.66,86234,0.34,0.269,0.391
43,0.895,4,24.13,71114,0.355,0.34,0.305
49,0.8,12,5.49,80130,0.292,0.227,0.481
23,0.425,27,24.24,35525,0.409,0.244,0.347
49,0.022,8,9.72,89818,0.185,0.377,0.438
21,0.269,2,26.56,24334,0.24,0.448,0.313
28,0.542,22,28.43,72767,0.437,0.197,0.365
34,0.633,13,6.17,16644,0.243,0.26,0.497
55,0.258,21,14.95,42933,0.312,0.335,0.354
41,0.139,16,29.47,53469,0.343,0.312,0.345
22,0.835,28,15.54,43687,0.51,0.166,0.324
51,0.984,2,26.18,62656,0.369,0.349,0.282
23,0.526,11,18.48,27375,0.267,0.247,0.486
39,0.172,10,12.51,75206,0.215,0.328,0.458
28,0.272,15,10.0,46607,0.336,0.276,0.388
33,0.018,17,7.69,93178,0.322,0.329,0.35
50,0.914,8,23.33,33993,0.331,0.231,0.438
26,0.118,18,12.82,54386,0.335,0.311,0.354
23,0.577,23,16.32,56287,0.427,0.201,0.372
33,0.274,9,15.79,96724,0.255,0.283,0.462
46,0.554,25,18.16,86312,0.411,0.228,0.361
20,0.651,8,26.24,85324,0.346,0.194,0.46
37,0.83,27,29.46,81196,0.525,0.163,0.312
53,0.206,14,13.41,80014,0.201,0.33,0.469
36,0.011,28,25.17,18210,0.328,0.389,0.283
43,0.137,26,23.41,20922,0.328,0.361,0.31
20,0.9,25,18.06,46289,0.529,0.144,0.327
36,0.874,18,28.77,43340,0.487,0.168,0.345
37,0.597,22,7.61,49850,0.388,0.23,0.381
49,0.601,20,5.06,66984,0.371,0.24,0.389
24,0.665,20,25.91,94178,0.48,0.157,0.364
58,0.175,21,14.3,21094,0.281,0.376,0.343
50,0.914,12,25.72,97959,0.362,0.191,0.447
57,0.419,19,27.01,43418,0.349,0.283,0.368
56,0.383,14,3.75,15741,0.167,0.337,0.497
35,0.519,17,26.74,82374,0.412,0.202,0.386
57,0.047,24,14.55,78798,0.307,0.38,0.313
18,0.166,21,16.29,80532,0.384,0.27,0.346
28,0.738,3,19.54,32164,0.306,0.367,0.326
45,0.083,26,27.94,45595,0.342,0.359,0.298
42,0.603,23,2.54,40257,0.368,0.25,0.382
40,0.245,7,15.35,24211,0.205,0.342,0.453
48,0.389,17,21.26,15232,0.328,0.293,0.379
47,0.289,12,22.24,77753,0.238,0.301,0.462
59,0.356,9,21.39,62691,0.225,0.317,0.458
52,0.719,15,5.76,99765,0.407,0.198,0.395
24,0.297,18,10.38,89768,0.378,0.242,0.38
33,0.566,21,12.04,35613,0.383,0.233,0.384
43,0.476,13,24.52,24026,0.242,0.279,0.479
19,0.664,21,9.81,63535,0.446,0.175,0.379
18,0.937,8,7.9,40908,0.358,0.18,0.462
29,0.733,14,28.81,62113,0.334,0.2,0.466
22,0.215,8,2.25,29610,0.198,0.329,0.473
54,0.031,14,29.94,56646,0.199,0.368,0.432
49,0.262,7,20.95,73185,0.233,0.321,0.446
26,0.595,23,25.2,82567,0.458,0.182,0.36
58,0.051,12,10.25,57574,0.157,0.393,0.451
52,0.496,11,2.4,46182,0.203,0.296,0.502
36,0.597,22,22.66,10570,0.394,0.242,0.365
33,0.334,22,25.36,29288,0.369,0.279,0.352
20,0.771,11,22.73,88824,0.363,0.173,0.464
37,0.107,25,6.0,39877,0.306,0.365,0.329
41,0.075,22,23.1,94425,0.359,0.321,0.319
50,0.728,28,23.53,10917,0.423,0.253,0.324
41,0.495,29,20.44,85602,0.417,0.234,0.349
28,0.688,13,23.45,74575,0.324,0.203,0.473
25,0.435,18,25.69,82518,0.415,0.205,0.38
53,0.246,2,19.18,49104,0.186,0.502,0.312
55,0.819,29,4.48,28062,0.419,0.253,0.328
57,0.799,21,15.65,26999,0.409,0.24,0.352
37,0.695,15,4.17,71845,0.404,0.194,0.402
52,0.272,20,13.41,19941,0.299,0.339,0.361
42,0.59,27,13.4,71169,0.414,0.23,0.355
52,0.361,18,3.85,33470,0.296,0.313,0.391
42,0.092,15,11.77,69821,0.308,0.331,0.361
46,0.917,19,5.11,96669,0.481,0.158,0.36
35,0.137,23,24.63,54435,0.358,0.319,0.323
63,0.95,24,28.54,14529,0.464,0.228,0.308
35,0.446,12,4.02,93055,0.245,0.254,0.501
19,0.185,13,28.74,22192,0.244,0.304,0.452
52,0.542,22,16.63,84102,0.387,0.238,0.374
33,0.873,11,10.39,82762,0.343,0.187,0.469
58,0.732,5,4.15,96795,0.26,0.394,0.346
53,0.807,29,16.02,44087,0.451,0.232,0.317
50,0.659,1,24.25,76677,0.294,0.387,0.319
21,0.692,24,21.8,14627,0.449,0.201,0.351
50,0.849,3,3.41,66541,0.285,0.389,0.326
31,0.25,22,4.04,78226,0.35,0.285,0.365
38,0.489,19,13.28,13255,0.343,0.263,0.394
37,0.221,23,10.27,67433,0.345,0.307,0.349
25,0.988,29,8.51,15213,0.527,0.167,0.306
24,0.944,7,9.87,29404,0.35,0.196,0.454
20,0.039,12,24.5,35380,0.224,0.337,0.439
34,0.706,15,28.02,29173,0.428,0.198,0.374
50,0.925,25,13.34,63027,0.488,0.189,0.324
29,0.181,5,27.37,33989,0.219,0.47,0.311
39,0.568,15,11.0,34519,0.359,0.236,0.405
39,0.915,8,15.34,32439,0.331,0.219,0.45
63,0.034,10,8.33,86949,0.161,0.395,0.444
47,0.697,26,19.93,24995,0.416,0.244,0.34
55,0.297,16,29.41,33559,0.33,0.308,0.362
55,0.924,8,18.9,99049,0.354,0.204,0.441
62,0.971,1,12.02,15021,0.287,0.422,0.291
25,0.944,12,20.14,31119,0.358,0.186,0.456
44,0.474,5,5.44,61539,0.205,0.427,0.369
44,0.862,3,26.88,49350,0.339,0.359,0.302
51,0.845,1,16.09,56223,0.309,0.387,0.305
38,0.319,4,14.58,35517,0.198,0.466,0.336
47,0.829,8,18.4,88653,0.337,0.212,0.451
50,0.037,3,19.49,32250,0.147,0.566,0.287
45,0.596,10,4.01,94486,0.262,0.246,0.492
64,0.23,2,21.11,92895,0.198,0.495,0.306
50,0.121,11,8.77,99132,0.197,0.345,0.458
22,0.077,25,21.99,76798,0.384,0.305,0.311
36,0.696,10,25.03,64199,0.318,0.221,0.461
21,0.34,21,24.51,69546,0.408,0.232,0.359
52,0.725,14,17.47,98151,0.301,0.223,0.476
34,0.065,7,16.56,13327,0.185,0.381,0.434
61,0.315,27,6.0,39768,0.301,0.354,0.346
45,0.539,27,23.71,74418,0.416,0.235,0.349
47,0.791,2,9.6,52788,0.282,0.395,0.323
46,0.319,9,15.91,92384,0.242,0.295,0.464
63,0.626,16,9.96,56830,0.35,0.256,0.393
23,0.886,13,5.75,62446,0.337,0.18,0.482
52,0.616,9,19.63,25160,0.252,0.281,0.467
58,0.233,20,3.52,66583,0.292,0.342,0.366
54,0.024,4,22.96,43998,0.154,0.56,0.286
41,0.87,22,10.89,37230,0.456,0.196,0.347
46,0.021,10,2.0,19076,0.129,0.417,0.454
63,0.875,26,16.31,79341,0.469,0.211,0.32
48,0.529,26,3.31,41085,0.348,0.276,0.376
52,0.939,22,9.73,65571,0.474,0.187,0.339
50,0.799,12,21.8,24715,0.292,0.248,0.46
38,0.998,17,3.76,15750,0.458,0.179,0.363
49,0.351,14,25.5,88768,0.252,0.28,0.468
40,0.767,14,2.11,45903,0.269,0.236,0.495
50,0.402,25,8.91,82489,0.359,0.278,0.364
20,0.48,2,22.75,42093,0.273,0.383,0.344
35,0.628,21,10.86,97954,0.432,0.189,0.379
42,0.874,25,4.85,44314,0.459,0.201,0.341
59,0.984,20,12.09,58225,0.469,0.193,0.338
48,0.768,11,9.57,97985,0.305,0.219,0.475
20,0.418,16,25.6,93014,0.422,0.192,0.386
57,0.421,19,10.77,45179,0.319,0.295,0.385
63,0.738,23,24.09,35338,0.408,0.252,0.34
41,0.239,6,26.97,79681,0.257,0.308,0.435
49,0.11,24,14.15,42101,0.304,0.372,0.323
64,0.355,19,27.48,12775,0.315,0.327,0.359
39,0.287,5,12.56,55619,0.197,0.465,0.338
40,0.296,26,28.99,55838,0.385,0.288,0.327
19,0.234,4,4.5,29539,0.184,0.477,0.339
44,0.042,15,21.24,67124,0.316,0.339,0.345
59,0.018,29,15.83,75149,0.31,0.406,0.285
19,0.988,4,12.85,36616,0.375,0.317,0.308
43,0.428,20,19.72,89655,0.386,0.239,0.375
34,0.384,10,21.71,64567,0.261,0.271,0.468
57,0.68,24,2.12,47099,0.37,0.262,0.368
50,0.218,22,6.67,85831,0.325,0.321,0.354
26,0.95,3,21.97,71799,0.396,0.305,0.299
60,0.786,26,20.66,35479,0.428,0.246,0.327
56,0.089,5,29.05,56172,0.183,0.523,0.294
46,0.418,6,23.31,65863,0.258,0.286,0.456
59,0.879,21,28.62,52043,0.465,0.206,0.329
43,0.945,22,21.67,92569,0.528,0.145,0.327
52,0.467,8,10.35,25408,0.208,0.312,0.481
42,0.613,7,4.95,67980,0.261,0.257,0.482
41,0.167,21,23.89,92956,0.369,0.296,0.335
30,0.991,10,20.04,26351,0.363,0.191,0.446
24,0.232,6,3.35,14131,0.194,0.339,0.467
53,0.943,14,12.08,54825,0.314,0.22,0.467
62,0.65,4,28.79,21349,0.246,0.428,0.326
37,0.608,28,16.01,70931,0.435,0.218,0.347
18,0.513,25,14.12,54254,0.418,0.208,0.375
25,0.231,13,14.82,48225,0.228,0.301,0.472
63,0.177,20,7.85,22453,0.259,0.388,0.353
33,0.22,17,12.32,28814,0.319,0.31,0.371
31,0.186,23,12.35,28263,0.329,0.328,0.343
29,0.78,7,3.47,87694,0.325,0.201,0.475
40,0.35,4,23.49,25735,0.215,0.454,0.331
32,0.058,29,13.66,25830,0.324,0.38,0.297
45,0.969,14,25.02,57893,0.355,0.194,0.45
51,0.884,3,25.81,54673,0.334,0.366,0.299
19,0.928,24,7.94,99462,0.557,0.104,0.339
49,0.995,5,20.41,55066,0.352,0.348,0.3
40,0.174,16,15.22,13373,0.297,0.338,0.364
39,0.396,26,26.64,20335,0.374,0.284,0.342
42,0.758,23,8.04,33741,0.418,0.223,0.359
39,0.696,20,20.98,20692,0.413,0.223,0.364
39,0.154,4,19.02,57295,0.195,0.495,0.31
59,0.816,24,10.27,55541,0.426,0.231,0.343
23,0.224,24,5.82,44057,0.346,0.302,0.352
32,0.224,2,20.25,76983,0.234,0.455,0.311
60,0.537,18,22.68,29583,0.346,0.273,0.381
54,0.593,19,10.84,32765,0.35,0.264,0.386
50,0.58,28,20.06,69287,0.412,0.244,0.344
25,0.091,28,13.06,33906,0.342,0.35,0.308
61,0.877,19,21.97,95103,0.471,0.185,0.344
61,0.266,17,7.58,89675,0.309,0.314,0.377
22,0.13,14,26.93,56525,0.246,0.303,0.451
56,0.889,19,10.05,48230,0.434,0.21,0.356
21,0.956,22,12.3,29520,0.515,0.146,0.339
23,0.862,24,3.63,95238,0.518,0.131,0.351
62,0.81,13,5.12,61934,0.264,0.255,0.481
49,0.655,12,16.44,35566,0.259,0.264,0.477
47,0.551,26,9.49,83193,0.393,0.24,0.367
64,0.087,6,25.39,40134,0.183,0.399,0.417
52,0.408,21,2.41,20345,0.297,0.316,0.387
57,0.373,4,12.61,51185,0.182,0.475,0.342
33,0.26,19,11.45,80744,0.358,0.273,0.369
30,0.723,16,2.54,43455,0.405,0.196,0.399
59,0.496,13,5.48,38018,0.194,0.305,0.501
47,0.081,4,13.58,64219,0.162,0.534,0.304
36,0.22,23,15.8,55991,0.35,0.307,0.343
34,0.683,17,13.32,83616,0.434,0.18,0.385
36,0.076,23,16.87,97438,0.359,0.318,0.322
45,0.851,1,18.66,19486,0.302,0.396,0.302
43,0.495,18,2.28,48862,0.333,0.256,0.41
54,0.481,20,14.99,68870,0.355,0.26,0.385
43,0.592,17,28.98,96694,0.43,0.195,0.375
40,0.825,27,16.53,53856,0.48,0.195,0.325
26,0.348,28,20.97,96055,0.429,0.236,0.336
29,0.678,27,10.73,41379,0.437,0.212,0.351
18,0.566,15,23.67,74729,0.435,0.171,0.395
18,0.267,11,23.64,38378,0.256,0.284,0.46
64,0.879,25,16.6,64353,0.456,0.22,0.324
51,0.797,28,29.33,59996,0.481,0.209,0.31
49,0.658,22,5.52,24031,0.365,0.259,0.375
42,0.851,13,2.47,90072,0.311,0.203,0.485
57,0.867,1,23.56,75982,0.333,0.373,0.294
62,0.708,17,24.6,46683,0.395,0.239,0.366
18,0.837,6,5.37,27618,0.326,0.208,0.467
33,0.697,4,9.44,16587,0.254,0.401,0.345
56,0.68,20,2.49,72790,0.379,0.237,0.383
22,0.619,16,10.21,41480,0.403,0.196,0.401
39,0.753,15,23.65,30527,0.426,0.201,0.373
46,0.159,27,16.5,33569,0.322,0.363,0.315
20,0.881,15,11.75,21151,0.466,0.157,0.377
29,0.872,6,12.41,81094,0.362,0.186,0.453
43,0.029,15,2.04,69174,0.276,0.36,0.364
33,0.826,14,10.39,54739,0.312,0.207,0.481
54,0.129,28,20.1,42954,0.32,0.377,0.302
39,0.335,11,29.28,45303,0.252,0.292,0.456
46,0.744,7,25.72,44700,0.311,0.243,0.446
31,0.161,9,2.66,77568,0.205,0.327,0.468
45,0.818,26,27.16,76788,0.498,0.183,0.319
22,0.832,16,23.93,81045,0.507,0.129,0.364
64,0.507,5,23.85,47842,0.215,0.436,0.349
47,0.006,25,14.82,23900,0.284,0.412,0.304
63,0.287,20,13.14,90059,0.326,0.312,0.362
22,0.617,29,10.48,11881,0.418,0.232,0.351
29,0.981,10,3.84,43037,0.342,0.19,0.468
33,0.632,18,8.39,11630,0.373,0.235,0.393
43,0.26,3,8.9,30789,0.165,0.506,0.329
43,0.634,13,15.55,98059,0.292,0.225,0.483
38,0.54,11,22.93,93494,0.293,0.231,0.476
56,0.78,17,15.27,56151,0.412,0.218,0.37
53,0.107,22,3.62,58920,0.281,0.377,0.342
50,0.761,13,28.82,77231,0.322,0.221,0.457
47,0.541,6,28.4,90357,0.297,0.248,0.455
54,0.963,17,23.99,13262,0.455,0.204,0.341
40,0.342,27,29.76,76981,0.407,0.265,0.328
27,0.633,13,17.25,91972,0.312,0.203,0.484
22,0.932,19,28.96,85485,0.556,0.108,0.337
53,0.103,21,4.12,64722,0.283,0.372,0.345
51,0.937,19,12.24,99499,0.492,0.159,0.349
48,0.688,10,8.31,60818,0.267,0.253,0.48
27,0.068,3,7.48,39932,0.16,0.534,0.306
36,0.301,14,5.94,16901,0.186,0.323,0.49
49,0.708,26,19.43,18597,0.411,0.25,0.339
18,0.067,19,23.88,73909,0.377,0.29,0.333
22,0.582,5,18.19,82391,0.301,0.345,0.354
62,0.346,29,6.11,94214,0.342,0.317,0.341
21,0.621,5,24.71,18263,0.288,0.369,0.343
33,0.046,20,19.81,73293,0.344,0.327,0.328
41,0.872,17,12.87,35805,0.445,0.189,0.365
33,0.973,21,20.88,21874,0.505,0.165,0.33
19,0.969,10,9.28,96402,0.395,0.142,0.463
45,0.75,5,11.67,24079,0.257,0.405,0.338
49,0.13,4,27.69,59850,0.199,0.504,0.297
44,0.758,6,10.13,82779,0.31,0.229,0.461
37,0.025,26,15.16,19018,0.303,0.393,0.303
41,0.022,4,26.92,59500,0.193,0.523,0.284
29,0.324,7,21.82,22100,0.242,0.303,0.455
52,0.489,7,3.74,67021,0.22,0.291,0.489
50,0.77,18,6.12,29800,0.389,0.233,0.378
50,0.683,3,2.22,73400,0.245,0.408,0.347
60,0.446,1,19.67,39437,0.202,0.465,0.332
54,0.274,24,14.53,86537,0.347,0.309,0.344
29,0.997,25,5.76,56675,0.532,0.141,0.327
20,0.426,4,28.82,29942,0.268,0.393,0.339
18,0.451,6,16.83,30862,0.268,0.259,0.472
50,0.164,9,8.77,21669,0.163,0.381,0.457
57,0.795,22,16.02,63772,0.434,0.219,0.348
27,0.694,14,21.03,25916,0.296,0.225,0.478
60,0.221,28,4.13,20878,0.274,0.396,0.33
61,0.082,12,9.69,12985,0.132,0.414,0.454
46,0.68,28,24.6,83648,0.463,0.208,0.329
30,0.655,25,14.87,51235,0.437,0.206,0.357
29,0.273,20,17.3,28931,0.348,0.291,0.361
48,0.951,24,14.12,10336,0.463,0.213,0.324
63,0.151,25,3.23,52933,0.272,0.394,0.334
19,0.432,4,6.64,94899,0.261,0.377,0.363
52,0.944,21,14.48,55536,0.474,0.188,0.337
40,0.42,24,7.86,79504,0.371,0.256,0.373
34,0.639,12,3.4,61148,0.264,0.239,0.498
43,0.398,10,25.62,26279,0.239,0.298,0.463
25,0.274,22,29.47,78665,0.411,0.248,0.341
46,0.984,28,24.21,81386,0.553,0.155,0.292
43,0.409,7,25.91,96124,0.28,0.264,0.455
27,0.894,3,8.78,87485,0.362,0.319,0.319
43,0.23,23,28.9,84055,0.382,0.288,0.33
51,0.213,28,7.51,87273,0.338,0.334,0.327
58,0.031,14,28.64,76670,0.202,0.365,0.433
24,0.652,24,29.85,86474,0.489,0.165,0.346
21,0.369,10,21.93,64028,0.276,0.255,0.469
62,0.864,16,29.47,81128,0.461,0.19,0.349
28,0.473,16,17.95,28108,0.367,0.234,0.399
46,0.968,22,9.27,62495,0.491,0.172,0.337
53,0.186,10,14.24,92806,0.211,0.335,0.454
42,0.869,25,18.62,86533,0.508,0.166,0.326
38,0.777,13,4.05,66830,0.291,0.22,0.489
53,0.771,6,19.43,84640,0.319,0.234,0.447
27,0.845,12,29.47,62509,0.366,0.182,0.452
54,0.761,9,7.32,76406,0.283,0.245,0.472
26,0.626,13,24.19,49519,0.303,0.221,0.477
41,0.131,4,27.42,59649,0.21,0.491,0.299
52,0.033,24,28.42,44524,0.321,0.38,0.299
52,0.921,11,28.88,43885,0.34,0.221,0.439
53,0.617,20,16.6,54369,0.383,0.243,0.374
35,0.797,18,29.36,40676,0.467,0.181,0.352
56,0.482,26,23.2,74093,0.383,0.263,0.354
49,0.117,11,6.53,57764,0.17,0.369,0.461
41,0.125,25,15.35,60799,0.336,0.343,0.321
40,0.686,21,22.11,89414,0.454,0.187,0.359
49,0.43,4,8.93,82307,0.213,0.433,0.355
54,0.201,18,19.94,92062,0.339,0.308,0.353
29,0.492,1,20.66,41923,0.258,0.4,0.342
30,0.064,27,6.56,88388,0.349,0.336,0.315
40,0.582,7,17.82,57574,0.277,0.255,0.469
42,0.269,6,23.61,53391,0.239,0.319,0.442
52,0.798,15,15.97,63664,0.424,0.201,0.375
58,0.31,18,2.34,77384,0.303,0.312,0.385
47,0.455,24,2.25,41027,0.329,0.288,0.383
34,0.012,11,12.0,45464,0.181,0.373,0.446
37,0.072,20,27.93,44485,0.34,0.337,0.323
42,0.392,24,8.4,29456,0.334,0.297,0.368
39,0.48,15,19.76,84795,0.384,0.216,0.399
30,0.6,16,8.22,45554,0.384,0.212,0.404
36,0.292,7,11.01,56922,0.225,0.312,0.463
53,0.695,21,25.75,23409,0.403,0.244,0.353
29,0.86,10,22.41,79327,0.367,0.18,0.453
58,0.78,26,4.67,46639,0.407,0.248,0.345
36,0.04,12,14.0,73627,0.201,0.35,0.449
29,0.481,24,2.82,93424,0.395,0.216,0.389
26,0.105,14,15.46,29692,0.2,0.338,0.461
24,0.242,25,20.55,99037,0.413,0.253,0.335
45,0.987,5,5.32,88840,0.346,0.337,0.317
31,0.142,26,10.09,64200,0.348,0.326,0.326
48,0.499,21,13.14,67415,0.364,0.249,0.386
36,0.618,18,27.75,28074,0.409,0.22,0.372
64,0.702,5,29.81,25549,0.258,0.419,0.323
33,0.56,3,3.26,39963,0.223,0.415,0.362
22,0.01,23,23.31,62265,0.364,0.327,0.309
52,0.326,26,12.41,26061,0.32,0.335,0.346
29,0.518,5,12.99,68226,0.256,0.379,0.365
42,0.088,24,23.12,38810,0.33,0.358,0.313
38,0.351,17,27.72,70006,0.381,0.25,0.369
53,0.033,19,28.63,32800,0.303,0.377,0.319
40,0.079,19,18.16,85476,0.34,0.323,0.337
33,0.397,25,12.0,79460,0.389,0.248,0.363
56,0.133,21,24.05,67767,0.327,0.345,0.328
62,0.568,12,9.03,38054,0.212,0.299,0.49
59,0.689,25,17.79,85319,0.425,0.23,0.345
56,0.801,29,12.04,55397,0.444,0.234,0.322
31,0.2,9,20.39,23233,0.219,0.332,0.45
48,0.167,1,8.73,35068,0.146,0.547,0.307
22,0.105,18,7.36,75727,0.342,0.299,0.359
52,0.636,21,27.71,80453,0.426,0.217,0.357
40,0.706,4,4.85,35832,0.247,0.406,0.347
46,0.032,10,16.17,96242,0.206,0.356,0.438
60,0.936,25,8.18,23682,0.438,0.236,0.326
28,0.052,7,3.09,33383,0.172,0.378,0.45
35,0.541,22,3.01,68160,0.379,0.228,0.393
64,0.709,23,6.91,33666,0.366,0.273,0.362
29,0.871,1,26.27,68817,0.381,0.324,0.295
26,0.714,17,9.91,44642,0.426,0.186,0.388
27,0.802,24,28.61,51830,0.504,0.166,0.33
61,0.339,29,18.29,20234,0.322,0.35,0.328
34,0.815,29,14.23,67616,0.499,0.18,0.321
55,0.08,2,18.24,19221,0.136,0.575,0.289
24,0.895,28,16.47,21410,0.512,0.173,0.315
63,0.548,26,23.25,90055,0.397,0.254,0.35
30,0.817,11,9.91,71413,0.328,0.198,0.475
57,0.452,9,11.89,11051,0.194,0.327,0.479
59,0.644,7,27.03,85301,0.296,0.254,0.45
26,0.526,22,28.5,86918,0.445,0.188,0.367
44,0.732,17,26.99,88116,0.457,0.18,0.364
19,0.082,17,13.74,66563,0.349,0.298,0.354
22,0.06,2,23.85,54757,0.219,0.495,0.286
46,0.247,6,15.34,87475,0.232,0.319,0.449
54,0.16,14,15.93,61257,0.189,0.35,0.461
55,0.872,6,7.73,10307,0.275,0.272,0.453
36,0.219,2,18.55,66889,0.217,0.472,0.311
25,0.976,1,7.21,78895,0.385,0.314,0.301
62,0.337,10,11.28,45944,0.188,0.341,0.471
18,0.182,21,25.94,48134,0.384,0.278,0.338
39,0.79,5,7.8,37323,0.276,0.385,0.339
34,0.659,2,3.99,81762,0.275,0.378,0.346
24,0.498,22,3.93,97225,0.405,0.197,0.398
42,0.555,16,28.34,35954,0.385,0.232,0.383
62,0.719,25,16.19,65021,0.413,0.244,0.343
21,0.228,2,13.46,99959,0.25,0.431,0.32
53,0.996,10,24.7,89866,0.375,0.19,0.435
23,0.975,2,25.4,80427,0.423,0.289,0.288
48,0.65,16,11.3,14992,0.357,0.251,0.392
36,0.2,16,21.42,11961,0.318,0.32,0.362
61,0.68,19,23.59,22497,0.379,0.259,0.363
56,0.072,29,20.33,42551,0.311,0.4,0.289
44,0.031,7,6.24,86384,0.184,0.375,0.441
27,0.258,22,26.52,65755,0.393,0.265,0.342
43,0.463,12,17.09,23255,0.227,0.289,0.484
36,0.868,24,9.91,14567,0.454,0.205,0.341
56,0.727,15,13.91,58847,0.393,0.223,0.384
20,0.743,8,3.05,58003,0.31,0.208,0.483
62,0.425,6,5.58,30389,0.184,0.341,0.475
30,0.346,28,23.44,54523,0.401,0.267,0.332
45,0.371,27,2.0,71576,0.346,0.293,0.36
37,0.988,10,13.66,53919,0.357,0.191,0.452
45,0.04,3,16.63,92103,0.185,0.524,0.291
25,0.867,19,3.53,13358,0.446,0.183,0.372
58,0.579,17,29.25,98535,0.406,0.22,0.374
56,0.439,7,8.33,86524,0.228,0.295,0.477
18,0.725,21,10.52,15698,0.436,0.192,0.372
20,0.487,20,10.51,76809,0.404,0.199,0.397
30,0.873,26,8.45,65805,0.504,0.162,0.334
45,0.901,4,2.04,41349,0.285,0.388,0.327
42,0.422,14,22.42,86777,0.262,0.258,0.48
50,0.277,20,29.07,60248,0.358,0.296,0.346
55,0.592,22,8.28,85033,0.381,0.241,0.378
23,0.912,15,20.57,54041,0.504,0.133,0.363
61,0.211,24,22.77,41954,0.318,0.356,0.327
62,0.623,8,25.76,18002,0.25,0.295,0.455
49,0.632,21,13.83,79783,0.406,0.222,0.372
62,0.733,15,10.48,97234,0.402,0.212,0.386
64,0.132,22,11.11,29738,0.266,0.399,0.336
38,0.716,20,21.95,20703,0.422,0.218,0.361
33,0.909,28,24.87,59422,0.539,0.158,0.303
38,0.18,14,7.09,93106,0.211,0.312,0.477
28,0.238,27,12.39,71899,0.378,0.289,0.334
54,0.971,29,27.25,22392,0.504,0.211,0.285
53,0.181,9,24.59,54724,0.213,0.348,0.439
52,0.854,8,29.58,42299,0.331,0.234,0.435
36,0.492,26,23.12,25641,0.387,0.255,0.358
37,0.247,28,13.01,89534,0.379,0.293,0.328
35,0.871,26,18.54,16305,0.479,0.198,0.323
64,0.445,17,20.51,28782,0.318,0.299,0.383
58,0.515,2,4.2,88257,0.208,0.434,0.358
31,0.359,25,17.25,87963,0.403,0.245,0.352
32,0.593,24,21.86,30566,0.414,0.227,0.359
48,0.164,3,6.68,77766,0.165,0.517,0.318
18,0.391,8,23.86,16511,0.264,0.272,0.464
20,0.969,12,18.35,36177,0.371,0.172,0.457
33,0.258,1,28.66,14765,0.221,0.476,0.303
40,0.657,10,3.19,30354,0.245,0.265,0.49
28,0.325,20,9.43,33929,0.344,0.28,0.377
29,0.773,3,18.84,38820,0.316,0.361,0.323
27,0.131,6,10.3,39523,0.206,0.348,0.447
49,0.97,7,22.0,81088,0.371,0.197,0.432
33,0.454,20,23.25,76163,0.403,0.221,0.376
25,0.236,23,4.87,87525,0.368,0.273,0.359
55,0.073,25,16.39,23780,0.285,0.404,0.311
29,0.17,27,16.25,16589,0.34,0.34,0.32
41,0.52,18,12.34,44812,0.359,0.244,0.397
45,0.337,11,28.12,55939,0.248,0.296,0.457
25,0.829,19,25.17,61493,0.501,0.148,0.351
45,0.431,5,21.52,50953,0.228,0.426,0.346
53,0.249,19,22.0,75785,0.343,0.304,0.353
43,0.617,11,14.93,29309,0.254,0.266,0.48
25,0.707,24,27.79,64195,0.486,0.172,0.342
45,0.167,12,21.45,35901,0.202,0.347,0.451
45,0.168,10,22.41,33576,0.205,0.351,0.444
54,0.037,8,26.13,41508,0.19,0.391,0.419
58,0.736,24,9.67,84711,0.423,0.225,0.353
53,0.664,28,24.6,35464,0.418,0.253,0.329
44,0.475,28,7.47,70281,0.374,0.262,0.364
34,0.844,9,11.67,26260,0.31,0.226,0.464
26,0.806,4,11.4,45440,0.316,0.353,0.331
50,0.585,5,29.4,66683,0.275,0.388,0.338
37,0.868,21,25.98,51430,0.493,0.17,0.336
30,0.206,8,21.63,11987,0.219,0.335,0.446
45,0.112,23,22.36,35105,0.322,0.357,0.32
46,0.27,9,17.74,88484,0.237,0.306,0.457
30,0.057,15,28.52,23026,0.328,0.331,0.341
63,0.531,15,15.9,78309,0.349,0.252,0.399
52,0.937,16,12.65,55927,0.455,0.184,0.361
23,0.039,14,6.56,85414,0.206,0.327,0.467
35,0.122,8,24.01,67535,0.236,0.331,0.434
22,0.452,18,22.56,52946,0.4,0.215,0.385
64,0.934,10,12.76,66561,0.311,0.237,0.453
42,0.316,28,2.71,20377,0.314,0.338,0.348
19,0.507,20,25.49,63592,0.427,0.192,0.381
27,0.042,6,2.32,17347,0.162,0.391,0.447
47,0.148,12,21.7,43776,0.201,0.35,0.449
62,0.987,2,29.17,13783,0.327,0.395,0.278
22,0.965,7,14.25,65798,0.387,0.166,0.447
50,0.005,16,8.58,14298,0.244,0.408,0.348
18,0.952,3,21.74,80204,0.415,0.285,0.3
35,0.639,13,24.88,96207,0.319,0.208,0.473
49,0.868,3,17.3,65161,0.322,0.368,0.31
64,0.455,27,29.08,70652,0.379,0.282,0.339
28,0.516,18,3.45,44484,0.361,0.228,0.411
38,0.489,11,16.13,30922,0.239,0.274,0.486
43,0.667,8,22.12,44028,0.29,0.251,0.459
42,0.14,6,26.15,30316,0.216,0.358,0.426
39,0.03,1,7.02,86996,0.166,0.544,0.29
44,0.308,28,24.4,26968,0.359,0.317,0.324
30,0.705,1,17.48,40266,0.299,0.377,0.323
50,0.202,23,13.1,34000,0.306,0.353,0.341
51,0.673,8,5.69,24011,0.238,0.284,0.478
58,0.97,5,26.23,12866,0.316,0.387,0.296
52,0.094,28,6.4,15898,0.27,0.419,0.311
18,0.673,16,10.67,28395,0.417,0.187,0.396
38,0.444,11,10.12,49019,0.231,0.279,0.49
23,0.868,5,26.4,14006,0.346,0.34,0.313
45,0.177,4,20.84,44393,0.186,0.503,0.31
34,0.693,6,24.31,20956,0.303,0.247,0.451
22,0.838,14,9.01,60042,0.33,0.185,0.485
48,0.945,22,19.5,16078,0.468,0.204,0.328
22,0.683,19,18.01,39631,0.44,0.185,0.375
55,0.497,9,25.32,72901,0.26,0.273,0.468
20,0.618,12,27.37,79497,0.331,0.197,0.472
40,0.869,11,2.34,51574,0.3,0.221,0.479
54,0.571,14,20.87,41417,0.245,0.273,0.482
54,0.03,23,3.45,98020,0.295,0.378,0.327
27,0.931,16,17.37,93639,0.526,0.114,0.36
27,0.69,1,10.05,75006,0.306,0.361,0.333
36,0.677,13,10.59,49454,0.275,0.237,0.488
34,0.216,23,11.88,11587,0.317,0.336,0.347
38,0.659,21,19.4,64710,0.431,0.204,0.365
31,0.394,21,11.35,96567,0.392,0.23,0.379
26,0.651,13,22.52,85886,0.323,0.2,0.477
63,0.107,2,13.33,28816,0.121,0.583,0.297
18,0.658,4,3.91,95824,0.306,0.336,0.358
62,0.999,28,23.95,39432,0.501,0.211,0.288
30,0.048,6,10.0,58617,0.2,0.363,0.437
21,0.977,26,14.12,82373,0.575,0.109,0.317
18,0.407,27,21.19,44217,0.415,0.237,0.349
57,0.871,23,11.31,30884,0.429,0.231,0.34
49,0.782,27,3.58,15454,0.403,0.254,0.343
51,0.567,5,12.47,84960,0.243,0.4,0.356
45,0.738,25,28.44,53618,0.46,0.209,0.331
48,0.879,3,19.97,93948,0.35,0.344,0.306
25,0.404,1,20.8,72671,0.271,0.398,0.331
56,0.327,4,19.7,57111,0.198,0.473,0.33
43,0.668,25,7.57,49613,0.405,0.234,0.361
51,0.808,20,13.71,95678,0.458,0.185,0.358
20,0.762,2,23.03,69993,0.358,0.325,0.317
29,0.798,26,4.84,18848,0.445,0.208,0.348
18,0.436,5,9.78,88672,0.264,0.372,0.364
61,0.818,3,9.74,76125,0.28,0.398,0.322
22,0.12,29,14.1,96444,0.397,0.296,0.307
47,0.544,28,29.45,71602,0.425,0.236,0.339
47,0.006,29,3.89,82045,0.305,0.398,0.296
34,0.325,9,16.52,52222,0.238,0.296,0.466
64,0.366,20,7.02,59223,0.304,0.318,0.378
40,0.396,6,29.18,75333,0.279,0.272,0.448
32,0.695,18,5.17,62732,0.416,0.193,0.39
54,0.389,6,13.3,59420,0.221,0.315,0.464
38,0.449,19,22.66,85504,0.397,0.225,0.379
31,0.238,28,21.73,12462,0.356,0.324,0.319
19,0.373,12,13.84,19460,0.238,0.278,0.485
28,0.227,25,11.7,19275,0.337,0.322,0.341
56,0.073,11,13.13,23269,0.151,0.402,0.447
55,0.603,2,9.4,75942,0.238,0.419,0.343
51,0.668,15,7.75,82920,0.389,0.214,0.398
55,0.619,12,15.53,32553,0.241,0.28,0.48
51,0.463,12,9.52,34366,0.207,0.301,0.492
35,0.38,9,10.05,54036,0.232,0.289,0.479
47,0.863,21,20.39,27369,0.452,0.207,0.341
32,0.519,24,29.12,21795,0.402,0.239,0.359
44,0.479,2,18.9,80021,0.251,0.405,0.344
51,0.026,22,4.16,78154,0.286,0.384,0.33
55,0.341,3,4.12,40143,0.153,0.504,0.343
50,0.38,12,28.64,39425,0.238,0.3,0.462
41,0.399,28,10.32,98209,0.392,0.256,0.351
32,0.58,26,4.58,85139,0.418,0.21,0.372
47,0.534,16,18.77,15368,0.345,0.261,0.395
59,0.608,21,19.46,14621,0.356,0.277,0.367
34,0.765,28,20.16,68829,0.491,0.184,0.325
22,0.813,24,9.49,70294,0.497,0.152,0.35
46,0.718,26,2.42,24719,0.391,0.253,0.357
21,0.956,1,29.02,39227,0.404,0.313,0.283
27,0.018,21,9.03,17566,0.294,0.374,0.332
34,0.196,3,20.93,22306,0.193,0.496,0.31
27,0.008,20,21.79,63822,0.347,0.331,0.322
34,0.647,2,19.08,34042,0.277,0.392,0.332
37,0.898,9,10.76,25086,0.316,0.224,0.46
41,0.243,19,9.59,27387,0.307,0.325,0.368
22,0.927,15,18.73,37042,0.497,0.139,0.364
51,0.06,18,26.25,99424,0.343,0.328,0.329
23,0.934,26,28.51,61618,0.564,0.129,0.307
19,0.352,11,4.97,28323,0.223,0.286,0.492
30,0.101,25,6.34,28019,0.31,0.361,0.329
60,0.486,23,28.45,85426,0.387,0.254,0.359
60,0.257,16,22.62,50863,0.315,0.322,0.363
28,0.285,22,26.72,20283,0.368,0.287,0.345
64,0.307,17,7.67,28279,0.274,0.345,0.381
40,0.803,5,18.45,56999,0.313,0.361,0.326
33,0.539,12,21.63,72780,0.285,0.234,0.482
48,0.311,11,21.04,32908,0.215,0.323,0.462
28,0.61,15,13.43,71584,0.412,0.187,0.401
33,0.716,27,2.43,60225,0.439,0.206,0.355
25,0.273,3,18.32,47952,0.228,0.447,0.325
21,0.414,1,9.09,47663,0.236,0.419,0.345
57,0.122,20,14.61,71381,0.305,0.355,0.34
21,0.181,29,28.81,57929,0.41,0.289,0.302
42,0.681,16,13.17,19343,0.38,0.232,0.388
20,0.181,2,25.51,86173,0.264,0.435,0.302
49,0.525,2,7.28,49791,0.208,0.437,0.355
20,0.709,3,20.83,39134,0.319,0.352,0.329
44,0.107,8,29.36,57101,0.227,0.348,0.425
46,0.567,24,4.85,79443,0.383,0.238,0.379
49,0.257,28,2.23,67530,0.323,0.337,0.34
36,0.963,15,14.14,56799,0.489,0.148,0.363
38,0.484,7,4.59,14827,0.212,0.299,0.49
22,0.806,6,22.95,72653,0.37,0.184,0.446
35,0.55,9,27.61,23699,0.275,0.26,0.465
45,0.043,20,14.15,15313,0.277,0.391,0.332
59,0.633,28,9.24,23598,0.363,0.289,0.348
39,0.951,1,14.16,38807,0.341,0.364,0.295
38,0.602,8,22.26,80423,0.302,0.233,0.465
23,0.819,23,2.25,79390,0.488,0.15,0.362
18,0.884,23,18.5,55226,0.528,0.135,0.337
22,0.228,3,19.17,69550,0.241,0.441,0.318
58,0.212,4,19.86,90072,0.197,0.488,0.314
29,0.611,26,8.78,13558,0.394,0.241,0.364
43,0.411,25,21.99,85308,0.397,0.251,0.352
63,0.84,15,4.56,60113,0.395,0.222,0.382
51,0.9,6,7.58,62999,0.317,0.231,0.452
31,0.353,15,26.57,65878,0.383,0.239,0.379
43,0.237,21,22.68,46343,0.345,0.31,0.345
62,0.781,3,2.38,68219,0.247,0.42,0.334
44,0.275,25,8.95,45186,0.328,0.324,0.348
26,0.823,21,8.0,46966,0.466,0.171,0.363
43,0.424,21,9.58,43769,0.342,0.276,0.382
64,0.668,14,8.93,63218,0.239,0.273,0.488
39,0.096,20,3.75,29229,0.279,0.369,0.351
64,0.624,14,14.85,85209,0.253,0.263,0.484
47,0.452,4,22.52,37877,0.224,0.432,0.344
60,0.587,12,18.99,68001,0.253,0.271,0.477
34,0.168,17,20.84,48084,0.339,0.306,0.355
43,0.737,7,4.27,91780,0.299,0.228,0.474
53,0.863,9,28.64,26806,0.32,0.242,0.438
18,0.217,3,25.48,98635,0.278,0.411,0.311
25,0.096,28,24.54,47034,0.375,0.328,0.297
52,0.024,13,25.04,50317,0.188,0.377,0.435
32,0.642,15,28.12,65468,0.435,0.184,0.38
64,0.607,18,17.24,29094,0.346,0.274,0.38
39,0.547,19,7.61,67796,0.376,0.227,0.397
31,0.232,1,19.27,20589,0.201,0.49,0.309
43,0.391,6,22.8,67221,0.259,0.287,0.455
45,0.594,27,22.66,11657,0.391,0.264,0.344
40,0.497,27,16.6,49531,0.386,0.253,0.361
31,0.988,23,3.92,62227,0.519,0.142,0.339
41,0.136,27,12.39,13164,0.305,0.378,0.317
19,0.695,27,27.78,93973,0.52,0.148,0.332
62,0.404,2,18.36,51247,0.196,0.472,0.332
43,0.428,24,17.07,29601,0.355,0.282,0.363
31,0.718,14,9.53,60599,0.293,0.217,0.49
24,0.692,6,12.32,81545,0.327,0.206,0.468
20,0.991,14,27.07,14552,0.375,0.174,0.451
64,0.128,4,20.66,19417,0.135,0.564,0.301
40,0.104,21,24.05,68579,0.349,0.325,0.327
63,0.724,8,14.72,78207,0.279,0.26,0.46
60,0.578,3,19.65,82055,0.25,0.411,0.339
64,0.274,19,8.95,88270,0.311,0.32,0.368
62,0.079,14,21.75,13722,0.156,0.399,0.445
35,0.086,27,13.97,80442,0.355,0.336,0.309
55,0.894,20,14.39,50031,0.448,0.205,0.347
52,0.192,17,20.18,89235,0.338,0.306,0.356
32,0.323,25,28.22,31438,0.383,0.281,0.336
42,0.227,8,3.79,68819,0.198,0.334,0.468
54,0.355,24,25.09,53856,0.358,0.298,0.344
45,0.069,14,10.19,43576,0.167,0.372,0.461
27,0.519,26,14.43,51938,0.407,0.225,0.368
56,0.068,6,2.61,59028,0.15,0.406,0.444
34,0.8,23,10.43,69807,0.471,0.176,0.353
56,0.234,22,16.07,59877,0.322,0.333,0.345
39,0.54,16,3.57,53461,0.351,0.235,0.413
43,0.88,25,15.75,50469,0.482,0.19,0.328
61,0.651,19,27.96,93136,0.419,0.22,0.361
42,0.533,14,4.95,30435,0.216,0.278,0.506
34,0.324,19,23.4,94117,0.394,0.242,0.364
30,0.333,3,13.47,24191,0.203,0.46,0.337
37,0.669,10,20.34,94726,0.318,0.213,0.468
42,0.994,19,9.29,37386,0.48,0.172,0.347
21,0.662,9,6.47,41721,0.286,0.227,0.487
27,0.558,28,6.49,64786,0.416,0.219,0.365
20,0.731,20,3.97,23704,0.425,0.192,0.383
58,0.465,13,7.2,66635,0.209,0.294,0.497
62,0.06,7,20.6,12123,0.156,0.421,0.423
35,0.562,14,26.69,72993,0.293,0.228,0.479
64,0.958,9,24.8,90122,0.353,0.214,0.433
53,0.175,27,21.18,35416,0.324,0.364,0.312
64,0.69,28,5.09,11814,0.354,0.3,0.345
39,0.201,23,10.1,88537,0.352,0.302,0.346
51,0.536,25,10.67,60258,0.369,0.261,0.37
64,0.097,28,9.0,26508,0.264,0.429,0.307
25,0.45,19,16.42,95166,0.411,0.201,0.388
57,0.756,15,17.0,88916,0.422,0.201,0.377
61,0.348,20,11.99,45699,0.308,0.321,0.371
36,0.665,14,11.91,56335,0.277,0.233,0.49
59,0.795,24,25.2,56806,0.447,0.223,0.33
58,0.927,6,24.1,87853,0.357,0.214,0.428
54,0.235,21,10.62,73768,0.32,0.325,0.355
23,0.399,29,27.59,45739,0.423,0.245,0.332
43,0.152,4,28.68,44785,0.205,0.495,0.3
51,0.992,8,11.15,41980,0.33,0.224,0.446
62,0.927,17,11.92,99335,0.464,0.179,0.357
23,0.54,9,16.16,95016,0.304,0.214,0.482
54,0.842,1,28.35,11609,0.302,0.405,0.293
50,0.521,24,26.54,76253,0.402,0.239,0.359
39,0.624,20,4.87,95481,0.41,0.201,0.389
38,0.089,25,13.0,38141,0.316,0.365,0.319
23,0.755,14,17.49,40009,0.315,0.205,0.479
23,0.128,11,16.09,16782,0.205,0.34,0.455
21,0.826,21,7.43,35933,0.468,0.168,0.364
47,0.782,3,26.05,87154,0.335,0.353,0.312
28,0.709,9,20.95,18307,0.302,0.235,0.463
47,0.036,27,25.46,85874,0.355,0.356,0.289
48,0.303,14,26.05,48346,0.228,0.308,0.464
41,0.263,9,22.95,60772,0.239,0.31,0.451
26,0.36,4,14.3,82084,0.249,0.407,0.344
20,0.088,27,19.1,50149,0.371,0.322,0.307
48,0.937,4,6.49,96700,0.337,0.346,0.317
57,0.554,28,20.86,37526,0.376,0.279,0.345
54,0.306,8,7.02,95712,0.214,0.317,0.469
53,0.397,2,21.43,78477,0.231,0.439,0.329
41,0.447,9,8.43,15695,0.209,0.305,0.486
48,0.601,29,5.29,49169,0.383,0.263,0.354
23,0.516,14,6.63,57947,0.255,0.236,0.509
19,0.919,22,2.06,57224,0.509,0.135,0.356
37,0.497,9,22.12,55865,0.268,0.257,0.475
45,0.992,24,22.51,35553,0.511,0.178,0.311
28,0.851,23,16.42,70410,0.507,0.152,0.341
21,0.209,16,6.52,34816,0.326,0.292,0.382
32,0.931,29,4.34,65026,0.522,0.16,0.317
23,0.116,17,2.54,60705,0.32,0.31,0.37
47,0.817,16,6.64,71922,0.429,0.19,0.381
55,0.381,12,26.94,83914,0.251,0.286,0.463
19,0.878,3,8.76,11881,0.321,0.357,0.322
32,0.868,11,11.92,49567,0.328,0.204,0.468
28,0.806,14,4.95,57365,0.306,0.203,0.491
25,0.79,18,8.23,89211,0.477,0.145,0.378
43,0.305,21,16.54,80122,0.362,0.278,0.36
62,0.081,21,19.02,35006,0.281,0.394,0.325
61,0.403,5,8.87,51198,0.171,0.476,0.353
22,0.174,16,3.62,32831,0.312,0.307,0.381
23,0.695,20,12.95,26459,0.428,0.197,0.375
43,0.346,5,8.56,42443,0.183,0.468,0.349
21,0.976,3,8.15,52316,0.371,0.319,0.31
36,0.641,12,28.88,74486,0.315,0.219,0.466
37,0.822,1,19.26,15877,0.307,0.387,0.307
50,0.133,21,17.59,49553,0.312,0.352,0.335
37,0.862,29,13.64,14922,0.472,0.212,0.315
29,0.923,9,14.01,14686,0.333,0.211,0.456
64,0.487,29,17.15,42766,0.348,0.304,0.348
18,0.606,9,21.5,89943,0.331,0.197,0.472
43,0.765,4,21.66,42006,0.298,0.379,0.323
31,0.175,3,6.81,41422,0.171,0.508,0.322
55,0.503,17,16.0,22205,0.326,0.278,0.396
54,0.399,2,13.53,96590,0.223,0.44,0.337
28,0.146,24,26.37,33527,0.363,0.318,0.319
53,0.368,1,19.68,28443,0.194,0.482,0.323
30,0.068,8,16.91,26524,0.198,0.365,0.437
60,0.026,13,5.23,38202,0.127,0.416,0.457
20,0.135,23,18.96,75552,0.383,0.286,0.331
50,0.963,15,5.28,56142,0.45,0.179,0.371
23,0.55,8,11.44,71692,0.287,0.229,0.485
27,0.966,12,6.0,92384,0.37,0.158,0.472
22,0.432,22,21.38,30855,0.392,0.238,0.37
40,0.312,12,7.78,93747,0.229,0.288,0.483
27,0.506,14,12.97,70372,0.266,0.233,0.501
61,0.44,15,27.08,35095,0.334,0.283,0.383
19,0.106,15,7.72,48724,0.324,0.304,0.372
