fund_id,fund_name,category,cagr,volatility,sharpe,expense_ratio,aum,return_1y,return_3y,return_5y,return_10y,return_15y,return_20y
1,Nippon India Small Cap Fund 1,Equity,0.195,0.26,1.399,0.007,8221.73,18.25,27.24,44.03,76.6,142.71,283.44
2,UTI Flexi Cap Fund 2,Equity,0.16,0.256,0.821,0.02,41705.91,18.32,26.45,41.12,68.5,121.7,229.73
3,Aditya Birla Large Cap Fund 3,Equity,0.118,0.178,1.104,0.013,21881.28,8.36,11.55,17.07,26.84,44.78,78.97
4,HDFC Hybrid Fund 4,Hybrid,0.073,0.177,0.886,0.006,31110.11,4.65,6.45,9.56,15.11,25.33,44.91
5,Nippon India Small Cap Fund 5,Equity,0.159,0.157,1.408,0.008,3720.05,16.91,24.68,38.84,65.58,118.28,226.89
6,Axis Balanced Advantage Fund 6,Hybrid,0.138,0.161,0.944,0.006,34369.53,10.92,15.26,22.83,36.43,61.74,110.76
7,Nippon India Liquid Fund 7,Debt,0.052,0.094,0.681,0.015,15929.7,6.53,8.37,11.31,16.08,23.99,37.48
8,Aditya Birla Debt Fund 8,Debt,0.077,0.043,1.179,0.017,47005.2,6.43,8.22,11.07,15.7,23.35,36.34
9,Axis Liquid Fund 9,Debt,0.079,0.066,1.173,0.018,37492.35,7.12,9.34,12.99,19.08,29.51,47.95
10,Kotak Liquid Fund 10,Debt,0.068,0.05,0.88,0.007,40208.75,6.53,8.42,11.46,16.42,24.74,39.04
11,HDFC Balanced Advantage Fund 11,Hybrid,0.139,0.157,0.859,0.005,40865.34,14.57,19.15,26.66,39.21,60.76,98.91
12,HDFC Liquid Fund 12,Debt,0.086,0.084,0.552,0.01,6235.52,7.77,10.07,13.81,19.95,30.31,48.29
13,Nippon India Balanced Advantage Fund 13,Hybrid,0.114,0.113,0.751,0.01,16596.57,11.14,15.35,22.62,35.46,58.94,103.56
14,ICICI Liquid Fund 14,Debt,0.064,0.069,0.768,0.02,42521.23,5.2,6.82,9.47,13.9,21.47,34.84
15,Kotak Hybrid Fund 15,Hybrid,0.087,0.106,0.732,0.016,5989.1,9.25,12.07,16.67,24.29,37.24,59.93
16,ICICI Corporate Bond Fund 16,Debt,0.074,0.069,0.987,0.007,30418.66,7.83,10,13.46,19.06,28.3,43.98
17,Axis Corporate Bond Fund 17,Debt,0.064,0.041,1.151,0.017,31853.49,4.66,6.31,9.12,13.97,22.64,38.71
18,Aditya Birla Small Cap Fund 18,Equity,0.189,0.231,1.607,0.018,16241.17,23.56,34.7,55.23,94.43,172.62,335.98
19,HDFC Bluechip Fund 19,Equity,0.123,0.214,1.618,0.018,844.13,10.35,14.21,20.85,32.54,53.82,94.03
20,UTI Balanced Advantage Fund 20,Hybrid,0.104,0.149,0.916,0.009,8830.41,11.51,15.46,22.11,33.52,53.71,90.66
21,UTI Balanced Advantage Fund 21,Hybrid,0.098,0.086,0.903,0.009,34967.06,7.53,10.16,14.61,22.26,35.88,60.96
22,ICICI Bluechip Fund 22,Equity,0.115,0.3,1.067,0.02,20846.33,6.84,10.18,16.38,28.35,52.53,103.73
23,Nippon India Flexi Cap Fund 23,Equity,0.135,0.245,1.481,0.013,22665.27,11.09,16.11,25.22,42.35,75.91,144.65
24,Aditya Birla Corporate Bond Fund 24,Debt,0.084,0.083,0.666,0.016,18705.27,7.65,10.03,13.95,20.47,31.65,51.4
25,Axis Large Cap Fund 25,Equity,0.163,0.23,0.89,0.018,16378.61,16.77,23.24,34.45,54.38,91.11,161.42
26,Aditya Birla Mid Cap Fund 26,Equity,0.159,0.252,0.817,0.013,11711.54,20.6,30.25,47.96,81.66,148.62,287.88
27,Nippon India Small Cap Fund 27,Equity,0.194,0.21,1.318,0.018,33946.66,23.79,35.34,56.78,98.11,181.43,357.52
28,Mirae Asset Balanced Advantage Fund 28,Hybrid,0.085,0.134,1.257,0.008,9160.27,9.09,12.65,18.85,29.94,50.5,90.1
29,Mirae Asset Small Cap Fund 29,Equity,0.153,0.186,0.893,0.018,45070.69,11.18,15.52,23.03,36.42,61.11,108.47
30,Nippon India Balanced Advantage Fund 30,Hybrid,0.09,0.15,1.377,0.018,20523.15,6.27,8.36,11.83,17.73,28.05,46.71
31,HDFC Liquid Fund 31,Debt,0.093,0.095,1.05,0.015,29243.99,8.85,11.4,15.49,22.16,33.29,52.41
32,Mirae Asset Mid Cap Fund 32,Equity,0.197,0.193,1.105,0.012,22697,22.99,32.41,49.02,79.16,135.95,247.42
33,Mirae Asset Small Cap Fund 33,Equity,0.171,0.186,1.125,0.016,32656.83,14.91,21.41,33.08,54.71,96.45,180.55
34,Nippon India Mid Cap Fund 34,Equity,0.166,0.235,0.894,0.011,13627.52,13.01,19.15,30.46,52.04,95.06,184.85
35,Aditya Birla Debt Fund 35,Debt,0.07,0.092,0.942,0.017,25380.54,5.3,7.2,10.43,16.04,26.1,44.83
36,HDFC Flexi Cap Fund 36,Equity,0.123,0.225,1.372,0.017,2658.39,15.02,20.85,30.96,48.96,82.19,145.95
37,Kotak Debt Fund 37,Debt,0.069,0.031,1.15,0.011,48349.41,4.92,6.6,9.42,14.25,22.77,38.32
38,ICICI Bluechip Fund 38,Equity,0.108,0.196,0.991,0.009,24521.35,12.87,18.81,29.68,50.25,90.89,174.88
39,SBI Balanced Advantage Fund 39,Hybrid,0.098,0.164,1.444,0.006,10841.48,11.43,14.94,20.68,30.22,46.47,75.05
40,Aditya Birla Corporate Bond Fund 40,Debt,0.057,0.066,1.114,0.016,35002.28,5.13,6.53,8.74,12.31,18.16,28.02
41,Aditya Birla Corporate Bond Fund 41,Debt,0.065,0.087,1.067,0.018,45705.41,7.95,10.52,14.75,21.89,34.23,56.3
42,Parag Parikh Corporate Bond Fund 42,Debt,0.075,0.086,0.955,0.016,39891.74,6.82,8.64,11.52,16.12,23.63,36.22
43,ICICI Corporate Bond Fund 43,Debt,0.051,0.071,0.807,0.015,16743.56,4.34,5.61,7.67,11.03,16.68,26.44
44,Parag Parikh Debt Fund 44,Debt,0.08,0.032,0.526,0.017,18329.44,8.92,11.81,16.58,24.64,38.6,63.59
45,Kotak Bluechip Fund 45,Equity,0.183,0.191,1.765,0.012,42180.14,22.17,31.62,48.46,79.44,138.67,256.85
46,Axis Mid Cap Fund 46,Equity,0.164,0.259,1.776,0.013,16486.35,12.6,18.39,28.96,48.93,88.31,169.53
47,HDFC Liquid Fund 47,Debt,0.064,0.061,0.555,0.005,48151.1,7.44,9.8,13.67,20.15,31.29,51.08
48,Nippon India Balanced Advantage Fund 48,Hybrid,0.118,0.086,1.432,0.012,12369.47,13.43,18.12,26.03,39.67,63.92,108.59
49,Aditya Birla Balanced Advantage Fund 49,Hybrid,0.116,0.108,1.464,0.016,27940.53,11.74,15.76,22.51,34.08,54.53,91.91
50,Aditya Birla Corporate Bond Fund 50,Debt,0.052,0.07,0.611,0.007,17423.04,3.3,4.2,5.62,7.9,11.64,17.94
51,Kotak Bluechip Fund 51,Equity,0.131,0.297,0.975,0.005,38286.54,8.41,12.19,19.04,31.86,56.9,108.02
52,Kotak Corporate Bond Fund 52,Debt,0.067,0.063,0.955,0.006,47482.71,5.96,7.81,10.84,15.9,24.55,39.81
53,Axis Large Cap Fund 53,Equity,0.126,0.152,1.733,0.013,27199.18,16.68,23.26,34.74,55.32,93.56,167.45
54,Axis Liquid Fund 54,Debt,0.097,0.096,1.107,0.015,40146.99,9.34,12.48,17.71,26.62,42.26,70.61
55,SBI Mid Cap Fund 55,Equity,0.164,0.219,1.346,0.019,19612.08,13.69,18.76,27.46,42.73,70.46,122.71
56,HDFC Liquid Fund 56,Debt,0.095,0.044,0.549,0.007,1401.98,8.66,11.05,14.86,21.02,31.18,48.4
57,ICICI Large Cap Fund 57,Equity,0.168,0.161,1.119,0.018,1651.96,21.1,31.08,49.46,84.56,154.58,300.85
58,SBI Mid Cap Fund 58,Equity,0.128,0.168,1.497,0.014,43934.86,14.13,20.95,33.57,57.84,106.62,209.41
59,Axis Balanced Advantage Fund 59,Hybrid,0.126,0.108,0.842,0.016,40438.32,14.42,19.02,26.59,39.3,61.22,100.24
60,HDFC Mid Cap Fund 60,Equity,0.141,0.206,1.576,0.01,46572.49,18.03,25.88,39.96,66.07,116.42,217.83
61,Kotak Bluechip Fund 61,Equity,0.168,0.261,1.038,0.011,26949.21,19.87,29.52,47.44,81.98,151.63,298.84
62,Axis Balanced Advantage Fund 62,Hybrid,0.092,0.17,1.011,0.005,45316.41,8.11,10.63,14.76,21.65,33.43,54.23
63,Mirae Asset Corporate Bond Fund 63,Debt,0.098,0.077,0.838,0.012,4622.58,8.71,11.35,15.64,22.75,34.8,55.86
64,Kotak Mid Cap Fund 64,Equity,0.16,0.233,1.013,0.019,39174.15,19.18,28.4,45.45,78.21,143.98,282.34
65,Nippon India Flexi Cap Fund 65,Equity,0.149,0.159,1.35,0.012,44441.36,9.97,14.27,21.97,36.19,63.52,118.33
66,SBI Balanced Advantage Fund 66,Hybrid,0.123,0.142,0.781,0.006,35197.97,11.8,15.61,21.89,32.48,50.79,83.52
67,Parag Parikh Balanced Advantage Fund 67,Hybrid,0.128,0.151,0.765,0.006,49338.66,10.52,14.03,19.88,29.84,47.27,78.82
68,HDFC Debt Fund 68,Debt,0.091,0.096,1.19,0.016,19124.85,10.87,14.05,19.18,27.59,41.71,66.1
69,ICICI Debt Fund 69,Debt,0.085,0.047,0.731,0.012,13057.27,8.58,11.41,16.12,24.1,38.04,63.16
70,SBI Hybrid Fund 70,Hybrid,0.122,0.157,1.358,0.016,34211.45,11.38,15.9,23.8,37.98,64.37,115.5
71,Mirae Asset Bluechip Fund 71,Equity,0.108,0.229,1.236,0.017,48906.08,15.42,21.52,32.15,51.22,86.64,155.13
72,Kotak Debt Fund 72,Debt,0.096,0.094,0.677,0.015,4234.01,9.59,12.37,16.86,24.19,36.47,57.63
73,Mirae Asset Bluechip Fund 73,Equity,0.17,0.218,1.428,0.014,45107.32,14.85,20.27,29.52,45.69,74.89,129.59
74,Mirae Asset Hybrid Fund 74,Hybrid,0.137,0.169,1.065,0.014,14230.37,14.36,19.39,27.87,42.52,68.58,116.63
75,Axis Hybrid Fund 75,Hybrid,0.097,0.103,0.913,0.01,13367.52,7.01,9.31,13.12,19.57,30.8,51
76,Aditya Birla Bluechip Fund 76,Equity,0.128,0.212,1.403,0.009,7092.66,16.88,23.53,35.1,55.82,94.26,168.45
77,ICICI Debt Fund 77,Debt,0.097,0.081,0.929,0.011,46670.06,8.28,10.84,15.02,21.98,33.87,54.8
78,SBI Flexi Cap Fund 78,Equity,0.103,0.206,1.611,0.02,7945.64,15.16,21.13,31.53,50.16,84.73,151.48
79,Kotak Hybrid Fund 79,Hybrid,0.097,0.177,1.374,0.018,23700.31,10.73,14.77,21.72,33.97,56.33,98.7
80,ICICI Bluechip Fund 80,Equity,0.101,0.161,1.492,0.013,37620.58,7.48,10.93,17.24,29.19,52.79,101.55
81,ICICI Flexi Cap Fund 81,Equity,0.159,0.259,1.557,0.011,12433.7,14.58,21.12,32.96,55.13,98.4,186.66
82,Mirae Asset Bluechip Fund 82,Equity,0.195,0.241,1.029,0.015,31097.35,20.84,29.9,46.16,76.27,134.34,251.22
83,UTI Corporate Bond Fund 83,Debt,0.084,0.066,1.041,0.013,42682.98,6.76,9.08,12.98,19.68,31.5,53.15
84,Aditya Birla Flexi Cap Fund 84,Equity,0.109,0.269,1.39,0.012,21316.52,9.11,12.62,18.72,29.56,49.53,87.78
85,Kotak Flexi Cap Fund 85,Equity,0.164,0.271,1.703,0.014,49032.9,11.81,17.04,26.46,44.04,78.15,147.36
86,SBI Large Cap Fund 86,Equity,0.164,0.233,0.891,0.016,27598.59,18.18,24.76,35.98,55.53,90.74,156.49
87,HDFC Liquid Fund 87,Debt,0.096,0.051,0.867,0.015,39925.35,9.65,12.38,16.75,23.85,35.64,55.79
88,Parag Parikh Liquid Fund 88,Debt,0.092,0.084,0.546,0.006,31229.88,9.78,12.49,16.83,23.83,35.4,55.04
89,SBI Mid Cap Fund 89,Equity,0.154,0.219,1.385,0.011,35034.54,17.31,24.48,37.15,60.23,103.88,189.92
90,Axis Liquid Fund 90,Debt,0.085,0.059,1.112,0.013,48668.96,10.25,13.05,17.52,24.71,36.55,56.56
91,Parag Parikh Mid Cap Fund 91,Equity,0.104,0.175,1.079,0.008,4890.78,8.81,12.12,17.82,27.86,46.19,80.92
92,HDFC Flexi Cap Fund 92,Equity,0.146,0.181,1.164,0.013,34674.54,18.85,27.95,44.81,77.27,142.56,280.22
93,Mirae Asset Hybrid Fund 93,Hybrid,0.126,0.143,0.765,0.018,46083.18,11.15,15.23,22.19,34.38,56.4,97.68
94,HDFC Hybrid Fund 94,Hybrid,0.131,0.088,1.178,0.02,27061.24,15,20.34,29.38,45.04,73.06,125.01
95,UTI Debt Fund 95,Debt,0.062,0.083,0.872,0.016,3585.9,6.32,8.11,11,15.68,23.48,36.83
96,UTI Mid Cap Fund 96,Equity,0.171,0.284,1.312,0.013,5805.01,13.03,19.36,31.11,53.77,99.47,196.07
97,Parag Parikh Debt Fund 97,Debt,0.077,0.047,0.688,0.011,1493.52,9.3,12.31,17.28,25.67,40.19,66.17
98,Mirae Asset Bluechip Fund 98,Equity,0.121,0.199,0.92,0.018,29882.83,10.49,14.78,22.33,36.03,61.81,112.37
99,Axis Hybrid Fund 99,Hybrid,0.125,0.13,0.77,0.013,29548.64,13.86,19.26,28.64,45.37,76.32,135.81
100,UTI Liquid Fund 100,Debt,0.072,0.039,0.699,0.01,32472.9,8.75,11.71,16.65,25.09,39.93,66.93
101,SBI Liquid Fund 101,Debt,0.075,0.053,1.154,0.005,11653.97,8.07,10.23,13.67,19.17,28.17,43.3
102,Aditya Birla Corporate Bond Fund 102,Debt,0.074,0.09,0.562,0.017,3254.85,6.05,8.16,11.73,17.89,28.84,49.02
103,Mirae Asset Corporate Bond Fund 103,Debt,0.053,0.031,0.988,0.02,44882.21,5.73,7.22,9.57,13.32,19.4,29.53
104,Axis Small Cap Fund 104,Equity,0.101,0.296,1.291,0.016,41132.64,6.11,8.88,13.91,23.37,41.88,79.82
105,SBI Liquid Fund 105,Debt,0.074,0.089,0.644,0.02,35692.15,5.42,6.92,9.3,13.16,19.51,30.29
106,Axis Bluechip Fund 106,Equity,0.174,0.229,1.507,0.017,4820.86,17.89,26.06,40.94,69,124.16,237.62
107,Axis Mid Cap Fund 107,Equity,0.105,0.2,0.934,0.006,49503.03,12.02,16.72,24.91,39.53,66.6,118.74
108,UTI Large Cap Fund 108,Equity,0.109,0.171,0.803,0.007,23921.73,13.02,18.14,27.06,43.02,72.62,129.73
109,Aditya Birla Corporate Bond Fund 109,Debt,0.09,0.037,1.096,0.016,20721.66,8.3,11.08,15.71,23.6,37.43,62.47
110,Kotak Liquid Fund 110,Debt,0.1,0.044,0.765,0.019,36219.03,10.6,14.25,20.4,30.95,49.64,83.88
111,UTI Balanced Advantage Fund 111,Hybrid,0.123,0.16,1.36,0.008,12166.74,13.25,17.97,25.99,39.9,64.81,111.07
112,Parag Parikh Small Cap Fund 112,Equity,0.132,0.238,1.483,0.012,35832.23,9.14,12.9,19.53,31.58,54.33,99.04
113,ICICI Debt Fund 113,Debt,0.077,0.061,0.904,0.01,19878.36,6.76,8.68,11.77,16.79,25.15,39.45
114,SBI Flexi Cap Fund 114,Equity,0.191,0.244,0.917,0.019,31571.55,23.83,33.72,51.21,83.1,143.45,262.53
115,UTI Hybrid Fund 115,Hybrid,0.08,0.159,1.196,0.013,44747.68,10.35,14.11,20.52,31.69,51.83,89.47
116,Axis Debt Fund 116,Debt,0.088,0.079,1.045,0.007,10624.96,9.98,13.08,18.15,26.59,41.03,66.49
117,SBI Hybrid Fund 117,Hybrid,0.105,0.155,0.782,0.013,19251.67,10.96,14.79,21.25,32.38,52.17,88.6
118,UTI Small Cap Fund 118,Equity,0.14,0.27,0.95,0.008,36251.5,10.95,16,25.23,42.68,77.12,148.25
119,SBI Mid Cap Fund 119,Equity,0.169,0.231,1.052,0.01,9489.09,14.71,20.05,29.16,45.06,73.71,127.29
120,Parag Parikh Liquid Fund 120,Debt,0.079,0.058,0.823,0.019,8090.89,8.48,10.84,14.6,20.68,30.73,47.8
121,UTI Large Cap Fund 121,Equity,0.161,0.153,1.672,0.019,28474.09,20.5,30.62,49.52,86.18,160.61,319.15
122,Axis Flexi Cap Fund 122,Equity,0.192,0.256,0.953,0.014,30532.39,23.35,32.96,49.93,80.78,139,253.48
123,Aditya Birla Mid Cap Fund 123,Equity,0.174,0.29,1.726,0.012,6105.28,12.55,18.71,30.16,52.33,97.2,192.45
124,Kotak Hybrid Fund 124,Hybrid,0.129,0.092,1.437,0.018,26182.48,12.47,17.42,26.05,41.55,70.39,126.24
125,UTI Flexi Cap Fund 125,Equity,0.138,0.262,1.006,0.017,30384.22,18.44,27.27,43.62,74.99,137.9,270.13
126,ICICI Small Cap Fund 126,Equity,0.154,0.288,1.146,0.01,37006.31,13.34,18.87,28.63,46.41,80.02,146.26
127,HDFC Mid Cap Fund 127,Equity,0.125,0.237,0.966,0.006,15917.92,16.01,22.49,33.85,54.38,92.87,167.98
128,Aditya Birla Hybrid Fund 128,Hybrid,0.071,0.146,0.842,0.019,7858.81,5.12,6.94,10.02,15.37,24.93,42.67
129,Aditya Birla Debt Fund 129,Debt,0.054,0.1,0.852,0.014,3820.29,7.14,9.5,13.41,20.04,31.61,52.44
130,Nippon India Mid Cap Fund 130,Equity,0.121,0.285,1.005,0.008,2309.21,12.8,17.58,25.79,40.25,66.57,116.3
131,UTI Mid Cap Fund 131,Equity,0.107,0.266,1.253,0.013,22317.76,11.85,17.76,28.83,50.39,94.35,188.44
132,SBI Debt Fund 132,Debt,0.088,0.037,0.734,0.006,37785.69,7.36,9.66,13.42,19.7,30.44,49.43
133,Parag Parikh Hybrid Fund 133,Hybrid,0.133,0.133,1.341,0.02,42069.55,15.56,21.39,31.39,49,81.07,141.73
134,Nippon India Liquid Fund 134,Debt,0.051,0.046,0.662,0.015,1475.67,5.89,7.83,11.07,16.55,26.11,43.36
135,Aditya Birla Balanced Advantage Fund 135,Hybrid,0.126,0.098,1.222,0.009,5422.35,11.76,15.63,22.06,32.96,51.96,86.19
136,UTI Liquid Fund 136,Debt,0.09,0.097,1.161,0.007,20616.42,10.24,13.73,19.58,29.6,47.26,80.49
137,Nippon India Large Cap Fund 137,Equity,0.101,0.163,1.008,0.005,9481.05,13.77,20.49,32.98,57.12,105.89,209.2
138,Axis Large Cap Fund 138,Equity,0.189,0.273,1.142,0.009,19294.77,19.01,27.19,41.82,68.8,120.6,224.37
139,Nippon India Corporate Bond Fund 139,Debt,0.063,0.074,0.787,0.013,22088.26,7.49,9.93,13.96,20.77,32.58,53.76
140,ICICI Small Cap Fund 140,Equity,0.197,0.267,0.914,0.013,49275.68,21.72,31.96,50.79,86.71,158.23,307.42
141,Nippon India Bluechip Fund 141,Equity,0.148,0.227,1.542,0.015,20426.23,18.7,26.32,39.72,63.98,109.59,198.86
142,Mirae Asset Debt Fund 142,Debt,0.082,0.06,0.593,0.019,34715.48,7.7,9.78,13.07,18.35,27,41.55
143,Kotak Debt Fund 143,Debt,0.096,0.038,0.904,0.009,27931.81,9.91,12.53,16.65,23.24,33.96,51.86
144,Mirae Asset Debt Fund 144,Debt,0.091,0.044,0.508,0.007,45050.92,8.96,11.78,16.41,24.14,37.42,60.93
145,Aditya Birla Liquid Fund 145,Debt,0.063,0.074,0.846,0.014,41986.29,5.45,7.18,10.05,14.86,23.16,37.93
146,Kotak Hybrid Fund 146,Hybrid,0.1,0.115,1.467,0.008,4971.68,7.18,9.36,12.92,18.81,28.8,46.3
147,ICICI Hybrid Fund 147,Hybrid,0.075,0.164,1.05,0.019,36215.88,9.44,12.61,17.9,26.92,42.76,71.49
148,UTI Mid Cap Fund 148,Equity,0.195,0.209,1.754,0.007,24445.87,15.77,22.6,34.84,57.47,101.03,188.54
149,Parag Parikh Small Cap Fund 149,Equity,0.154,0.174,1.642,0.018,47784.2,18.1,25.16,37.44,59.35,99.88,177.82
150,SBI Balanced Advantage Fund 150,Hybrid,0.124,0.091,0.76,0.016,25026.82,13.14,17.19,23.82,34.84,53.66,86.77
151,UTI Hybrid Fund 151,Hybrid,0.102,0.088,0.762,0.005,48401.12,7.51,10.16,14.65,22.41,36.25,61.86
152,Aditya Birla Large Cap Fund 152,Equity,0.11,0.197,1.607,0.019,39605.67,11.41,16.53,25.81,43.21,77.18,146.52
153,Mirae Asset Corporate Bond Fund 153,Debt,0.076,0.036,1.171,0.016,32127.99,8.5,11.55,16.71,25.67,41.73,71.57
154,HDFC Corporate Bond Fund 154,Debt,0.086,0.075,1.186,0.019,32509.91,8.67,11.2,15.29,21.99,33.24,52.68
155,Parag Parikh Balanced Advantage Fund 155,Hybrid,0.136,0.084,1.264,0.019,9438.48,15.37,20.4,28.74,42.84,67.36,111.42
156,Kotak Debt Fund 156,Debt,0.096,0.032,0.988,0.009,46257.61,9.36,11.86,15.83,22.19,32.6,50.06
157,SBI Corporate Bond Fund 157,Debt,0.09,0.082,0.538,0.012,26360.51,7.1,9.63,13.92,21.36,34.68,59.38
158,Nippon India Bluechip Fund 158,Equity,0.165,0.205,1.361,0.012,44307.42,19.86,28.94,45.49,76.71,138.12,264.48
159,UTI Hybrid Fund 159,Hybrid,0.121,0.087,0.952,0.013,39640.8,11.55,15.22,21.26,31.38,48.8,79.77
160,Mirae Asset Large Cap Fund 160,Equity,0.152,0.214,1.677,0.011,23366.17,11.76,16.41,24.52,39.04,66.03,118.2
161,SBI Corporate Bond Fund 161,Debt,0.059,0.057,1.153,0.006,969.53,6.1,8.12,11.48,17.19,27.16,45.17
162,HDFC Flexi Cap Fund 162,Equity,0.148,0.237,1.072,0.011,5039.12,16.4,22.95,34.4,55,93.42,168.01
163,Nippon India Small Cap Fund 163,Equity,0.174,0.186,0.91,0.01,14718.33,21.95,32.12,50.72,85.96,155.66,299.9
164,Axis Large Cap Fund 164,Equity,0.123,0.156,0.818,0.02,21674.77,12.84,18.57,28.91,48.24,85.85,162.37
165,HDFC Balanced Advantage Fund 165,Hybrid,0.118,0.102,1.46,0.017,4925.84,11.32,14.99,21.08,31.35,49.17,81.1
166,Aditya Birla Corporate Bond Fund 166,Debt,0.094,0.096,0.827,0.014,8768.18,8.82,11.79,16.73,25.16,39.95,66.78
167,Axis Small Cap Fund 167,Equity,0.123,0.291,1.45,0.014,25878.08,7.44,10.24,15.06,23.56,39.08,68.49
168,Parag Parikh Large Cap Fund 168,Equity,0.138,0.156,1.757,0.017,40138.1,9.26,12.65,18.43,28.54,46.8,81.03
169,Aditya Birla Corporate Bond Fund 169,Debt,0.094,0.095,1.196,0.008,20113.98,10.82,14.4,20.34,30.42,48.01,59.73
170,SBI Large Cap Fund 170,Equity,0.17,0.173,1.616,0.008,11578.97,16.74,23,33.74,52.65,87.09,152.18
171,Mirae Asset Balanced Advantage Fund 171,Hybrid,0.133,0.166,1.066,0.011,14011.49,13.25,17.85,25.6,38.94,62.61,106.11
172,Mirae Asset Mid Cap Fund 172,Equity,0.196,0.279,1.61,0.015,27767.44,16.33,23.2,35.41,57.75,100.28,184.65
173,SBI Liquid Fund 173,Debt,0.063,0.03,0.987,0.006,26863.82,5.89,7.79,10.92,16.19,25.3,41.57
174,Kotak Flexi Cap Fund 174,Equity,0.199,0.159,1.683,0.013,45372.43,21.25,29.04,42.33,65.59,107.65,186.52
175,ICICI Liquid Fund 175,Debt,0.083,0.068,1.105,0.016,26302.39,7.8,10.31,14.47,21.48,33.6,55.28
176,UTI Bluechip Fund 176,Equity,0.116,0.174,1.134,0.009,46539.47,11.63,17.21,27.54,47.36,87.14,170.78
177,Axis Debt Fund 177,Debt,0.059,0.092,1.173,0.012,44014.04,6.53,8.34,11.22,15.87,23.54,36.56
178,Parag Parikh Hybrid Fund 178,Hybrid,0.127,0.103,1.427,0.005,28031,10.12,13.81,20.1,31.08,50.89,87.96
179,Nippon India Large Cap Fund 179,Equity,0.129,0.243,1.781,0.014,13360.28,8.17,11.77,18.28,30.4,53.91,101.57
180,UTI Mid Cap Fund 180,Equity,0.113,0.193,0.818,0.011,42086.01,15.7,22.62,35.08,58.26,103.17,194.09
181,Kotak Debt Fund 181,Debt,0.097,0.078,0.547,0.01,35554.52,9.25,12.25,17.22,25.6,40.13,66.16
182,Aditya Birla Bluechip Fund 182,Equity,0.158,0.202,1.421,0.006,43641.07,15.38,22.1,34.15,56.5,99.65,186.62
183,Axis Mid Cap Fund 183,Equity,0.159,0.208,0.866,0.017,18905.76,20.31,28.73,43.59,70.67,121.88,222.8
184,ICICI Hybrid Fund 184,Hybrid,0.07,0.096,1.075,0.019,5558.58,9.77,13.58,20.21,32.05,53.96,96.1
185,Mirae Asset Corporate Bond Fund 185,Debt,0.076,0.088,0.709,0.018,38754.73,6.38,8.09,10.79,15.1,22.16,33.99
186,Axis Debt Fund 186,Debt,0.057,0.091,1.174,0.005,36697.87,4.1,5.18,6.87,9.57,13.96,21.26
187,Kotak Small Cap Fund 187,Equity,0.14,0.191,1.784,0.011,44757.91,9.94,14.48,22.72,38.25,68.74,131.38
188,SBI Mid Cap Fund 188,Equity,0.103,0.248,1.169,0.018,23923.89,6.01,8.44,12.72,20.43,34.91,63.15
189,UTI Balanced Advantage Fund 189,Hybrid,0.131,0.158,1.317,0.018,38170.69,15.17,19.76,27.22,39.57,60.5,97.08
190,ICICI Flexi Cap Fund 190,Equity,0.191,0.295,0.985,0.012,560.98,22.24,31.13,46.67,74.64,126.82,228.14
191,Nippon India Bluechip Fund 191,Equity,0.161,0.187,1.358,0.008,8460.86,12.28,17.9,28.14,47.45,85.45,163.64
192,Aditya Birla Debt Fund 192,Debt,0.066,0.071,0.803,0.02,7904.24,7.12,9.59,13.76,20.94,33.68,57.1
193,Kotak Large Cap Fund 193,Equity,0.168,0.209,1.775,0.016,33020.7,19.15,28.2,44.85,76.64,140.02,272.33
194,Mirae Asset Bluechip Fund 194,Equity,0.195,0.286,1.524,0.016,7723.14,17.32,23.99,35.52,56.03,93.77,165.94
195,Mirae Asset Debt Fund 195,Debt,0.081,0.079,0.892,0.005,16659.83,9.1,12.2,17.4,26.29,41.97,70.56
196,SBI Bluechip Fund 196,Equity,0.109,0.203,0.833,0.006,20147.7,15.81,22.41,34.11,55.48,96.05,176.3
197,SBI Debt Fund 197,Debt,0.078,0.078,1.06,0.008,8790.39,7.29,9.75,13.86,20.88,33.22,55.66
198,HDFC Liquid Fund 198,Debt,0.082,0.079,0.522,0.019,3072.58,7.56,10.23,14.75,22.56,36.5,62.28
199,Mirae Asset Large Cap Fund 199,Equity,0.194,0.292,1.425,0.017,30806.77,22.98,32.64,49.78,81.14,140.79,259.06
200,Nippon India Small Cap Fund 200,Equity,0.155,0.24,1.584,0.012,2517.33,18.01,26.39,41.76,70.92,128.71,248.58
201,Parag Parikh Large Cap Fund 201,Equity,0.106,0.187,0.96,0.018,11351.09,6.63,9.86,15.85,27.41,50.74,100.1
202,Nippon India Small Cap Fund 202,Equity,0.174,0.281,1.234,0.006,8502.79,17.45,25.75,41.07,70.37,128.96,251.65
203,Aditya Birla Large Cap Fund 203,Equity,0.165,0.2,1.342,0.012,4535.56,14.7,21.84,35.08,60.63,112.12,220.97
204,ICICI Mid Cap Fund 204,Equity,0.122,0.213,1.004,0.018,9122.57,11.09,15.1,21.93,33.82,55.21,95.13
205,Kotak Hybrid Fund 205,Hybrid,0.122,0.123,0.977,0.011,49388.65,14.63,19.16,26.56,38.87,59.9,96.93
206,UTI Large Cap Fund 206,Equity,0.187,0.237,1.239,0.016,24590.11,16.89,25.22,40.76,70.91,132.09,262.33
207,SBI Large Cap Fund 207,Equity,0.179,0.248,1.792,0.009,18277.98,22.41,32.27,50.03,83.07,147.08,276.59
208,ICICI Large Cap Fund 208,Equity,0.163,0.26,0.932,0.016,45497.11,17.62,25.07,38.31,62.61,108.94,201.05
209,Nippon India Hybrid Fund 209,Hybrid,0.087,0.177,0.845,0.018,24867.75,7.46,9.94,14.08,21.11,33.4,55.64
210,Aditya Birla Liquid Fund 210,Debt,0.079,0.076,0.567,0.015,15951.33,8.59,11.47,16.28,24.46,38.81,64.83
211,SBI Mid Cap Fund 211,Equity,0.166,0.199,1.573,0.007,48506.14,19.52,28.7,45.58,77.75,141.77,275.19
212,Parag Parikh Mid Cap Fund 212,Equity,0.144,0.2,1.249,0.015,7714.95,10.31,14.74,22.65,37.23,65.19,121.15
213,Kotak Small Cap Fund 213,Equity,0.159,0.292,1.053,0.01,19278.25,11.48,16.49,25.5,42.21,74.48,139.56
214,Kotak Flexi Cap Fund 214,Equity,0.153,0.267,1.505,0.012,43278.7,14.72,21.84,35.06,60.53,111.84,220.16
215,Aditya Birla Small Cap Fund 215,Equity,0.127,0.159,1.331,0.019,2447.51,11.21,15.43,22.69,35.5,58.88,103.2
216,Nippon India Mid Cap Fund 216,Equity,0.145,0.29,1.116,0.013,2557.86,10.93,16.03,25.38,43.14,78.37,151.51
217,Parag Parikh Small Cap Fund 217,Equity,0.199,0.295,0.805,0.019,32136.44,21.08,28.97,42.52,66.38,109.85,192.05
218,Mirae Asset Corporate Bond Fund 218,Debt,0.073,0.066,0.842,0.015,7412.74,5.64,7.5,10.59,15.83,24.98,41.47
219,Axis Large Cap Fund 219,Equity,0.12,0.251,1.77,0.006,33793.8,7.73,11.4,18.17,31.11,56.98,111.12
220,Aditya Birla Flexi Cap Fund 220,Equity,0.196,0.188,1.462,0.02,19027.69,21.66,29.71,43.5,67.73,111.75,194.76
221,SBI Large Cap Fund 221,Equity,0.162,0.28,1.371,0.005,46581.96,12.05,18.05,29.29,51.17,95.78,191.21
222,Axis Bluechip Fund 222,Equity,0.16,0.291,1.627,0.015,29070.67,14.74,20.82,31.53,51.01,87.78,160.1
223,SBI Large Cap Fund 223,Equity,0.16,0.198,1.666,0.02,37745.17,19.13,28.55,46.13,80.22,149.37,296.54
224,Kotak Balanced Advantage Fund 224,Hybrid,0.078,0.145,1.312,0.019,22189.53,10.72,14.74,21.65,33.84,56.07,98.17
225,SBI Large Cap Fund 225,Equity,0.188,0.198,1.669,0.011,15195.03,17.56,24.09,35.28,54.95,90.7,158.13
226,Nippon India Balanced Advantage Fund 226,Hybrid,0.093,0.143,1.188,0.013,19330.78,10.96,14.86,21.48,32.94,53.45,91.49
227,Mirae Asset Bluechip Fund 227,Equity,0.124,0.206,1.027,0.006,30370.71,11.64,17.31,27.85,48.18,89.24,176.14
228,Parag Parikh Large Cap Fund 228,Equity,0.146,0.207,1.663,0.013,24219.5,10.71,15.31,23.51,38.65,67.66,125.7
229,Kotak Hybrid Fund 229,Hybrid,0.078,0.095,1.121,0.009,24096.43,4.87,6.56,9.4,14.29,22.96,38.9
230,Nippon India Debt Fund 230,Debt,0.087,0.08,0.865,0.017,21827.67,6.93,8.81,11.8,16.61,24.52,37.85
231,Kotak Balanced Advantage Fund 231,Hybrid,0.116,0.118,0.858,0.012,10130.64,9.31,12.7,18.49,28.62,46.89,81.12
232,Axis Flexi Cap Fund 232,Equity,0.128,0.196,1.603,0.013,15909.73,15.26,22,34.15,56.77,100.65,189.55
233,Axis Large Cap Fund 233,Equity,0.14,0.297,1.623,0.013,6599.52,18.62,26.3,39.86,64.53,111.11,202.77
234,Parag Parikh Corporate Bond Fund 234,Debt,0.076,0.08,0.575,0.014,13199.86,6.74,9.08,13.02,19.79,31.81,53.87
235,Axis Small Cap Fund 235,Equity,0.148,0.271,1.35,0.006,31840.99,12.04,17.99,29.12,50.74,94.67,188.37
236,Nippon India Debt Fund 236,Debt,0.091,0.092,0.66,0.008,30743.56,7.15,9.7,14.03,21.54,35,59.99
237,Parag Parikh Balanced Advantage Fund 237,Hybrid,0.129,0.17,0.983,0.009,39136.01,10.16,14.11,20.98,33.22,55.84,99.3
238,SBI Liquid Fund 238,Debt,0.091,0.06,0.967,0.006,31381.04,9.21,12.52,18.14,27.92,45.48,78.16
239,HDFC Corporate Bond Fund 239,Debt,0.079,0.042,1.016,0.018,11228.62,6.2,8.15,11.36,16.74,25.97,42.36
240,HDFC Debt Fund 240,Debt,0.051,0.075,0.925,0.013,11981.38,6.98,9.16,12.73,18.69,28.91,46.97
241,Mirae Asset Balanced Advantage Fund 241,Hybrid,0.139,0.094,1.256,0.011,21695.88,14.68,20.1,29.39,45.68,75.22,130.82
242,Nippon India Balanced Advantage Fund 242,Hybrid,0.118,0.179,0.803,0.007,36354.77,11.53,15.71,22.83,35.26,57.64,99.45
243,Parag Parikh Corporate Bond Fund 243,Debt,0.089,0.049,0.952,0.014,20358.8,9.24,12.47,17.93,27.35,44.1,74.98
244,HDFC Debt Fund 244,Debt,0.068,0.035,0.863,0.006,40117.65,4.98,6.42,8.73,12.5,18.8,29.63
245,Kotak Liquid Fund 245,Debt,0.094,0.076,0.873,0.01,16983.59,11.2,15.11,21.7,33.07,53.26,90.45
246,Aditya Birla Large Cap Fund 246,Equity,0.199,0.249,1.358,0.016,23527.68,19.46,28.15,43.87,73.28,130.58,247.26
247,UTI Debt Fund 247,Debt,0.078,0.097,0.623,0.015,10446.22,6.91,8.84,11.92,16.9,25.14,39.16
248,Parag Parikh Balanced Advantage Fund 248,Hybrid,0.128,0.08,0.941,0.02,24006.88,12.58,16.8,23.84,35.84,56.87,95.01
249,Nippon India Mid Cap Fund 249,Equity,0.115,0.299,1.727,0.013,42180.65,12.34,16.91,24.75,38.52,63.53,110.65
250,Kotak Small Cap Fund 250,Equity,0.162,0.163,1.555,0.007,41390.35,20.94,31.38,50.91,88.94,166.47,332.3
251,Aditya Birla Small Cap Fund 251,Equity,0.171,0.155,1.103,0.009,18326.75,19.08,27.38,42.27,69.86,123.05,230.12
252,Kotak Large Cap Fund 252,Equity,0.194,0.233,1.106,0.011,22636.53,17.5,25.79,41.06,70.26,128.52,250.35
253,Axis Large Cap Fund 253,Equity,0.152,0.288,1.297,0.02,42645.54,17.05,23.57,34.85,54.86,91.61,161.74
254,Parag Parikh Bluechip Fund 254,Equity,0.112,0.273,1.181,0.018,43468.81,15.31,22.58,36,61.65,112.92,220.23
255,Aditya Birla Mid Cap Fund 255,Equity,0.179,0.196,0.881,0.011,9089.46,22.4,32.74,51.63,87.37,157.95,303.77
256,SBI Mid Cap Fund 256,Equity,0.135,0.296,1.441,0.017,7059.97,14.63,20.76,31.62,51.47,89.18,163.82
257,Aditya Birla Bluechip Fund 257,Equity,0.192,0.223,1.406,0.016,9154.51,23.53,34.85,55.81,96.1,177.04,347.45
258,ICICI Mid Cap Fund 258,Equity,0.14,0.172,1.168,0.006,1777.69,9.45,12.89,18.75,28.98,47.42,81.92
259,Mirae Asset Small Cap Fund 259,Equity,0.108,0.267,0.922,0.014,46854.23,9.56,14.09,22.43,38.37,70.16,136.6
260,Axis Large Cap Fund 260,Equity,0.128,0.278,0.8,0.005,30326.38,17.67,24.41,36.03,56.63,94.39,166.33
261,Nippon India Mid Cap Fund 261,Equity,0.139,0.235,0.992,0.008,24487.78,14.84,20.98,31.81,51.54,88.81,162.23
262,SBI Liquid Fund 262,Debt,0.065,0.06,0.619,0.006,39243.45,8.38,11.26,16.11,24.43,39.14,66.09
263,ICICI Corporate Bond Fund 263,Debt,0.085,0.034,0.857,0.02,40791.53,9.85,12.88,17.82,26.02,39.99,64.53
264,Nippon India Small Cap Fund 264,Equity,0.117,0.248,1.648,0.016,39708.63,10.85,15.17,22.72,36.29,61.59,110.65
265,ICICI Corporate Bond Fund 265,Debt,0.076,0.064,0.624,0.011,48209.2,5.83,7.84,11.24,17.08,27.44,46.46
266,Nippon India Large Cap Fund 266,Equity,0.113,0.213,1.59,0.014,34208.25,14.43,21.64,35.17,61.54,115.39,230.77
267,UTI Corporate Bond Fund 267,Debt,0.081,0.053,1.084,0.014,10343.39,10.09,13.27,18.5,27.26,42.31,69.02
268,Kotak Small Cap Fund 268,Equity,0.137,0.19,1.446,0.012,13667.95,16.39,24.46,39.51,68.68,127.85,253.72
269,Kotak Hybrid Fund 269,Hybrid,0.079,0.166,0.895,0.015,40628.95,10,13.24,18.62,27.69,43.43,71.63
270,Axis Debt Fund 270,Debt,0.07,0.097,0.593,0.007,33105.26,6.8,8.66,11.61,16.37,24.18,37.38
271,Mirae Asset Bluechip Fund 271,Equity,0.181,0.161,1.079,0.019,13026.39,22.64,32.71,50.9,84.87,150.94,285.24
272,UTI Flexi Cap Fund 272,Equity,0.183,0.224,1.186,0.012,11734.75,15.59,22.66,35.53,59.72,107.17,204.49
273,HDFC Corporate Bond Fund 273,Debt,0.076,0.041,1.016,0.013,34171.28,8.07,10.46,14.33,20.69,31.4,49.97
274,UTI Balanced Advantage Fund 274,Hybrid,0.122,0.146,1.342,0.007,2260.76,9.88,13.51,19.71,30.56,50.2,87.07
275,Axis Flexi Cap Fund 275,Equity,0.139,0.219,1.792,0.02,47144.61,14.1,20.71,32.82,55.87,101.63,196.79
276,ICICI Mid Cap Fund 276,Equity,0.117,0.165,1.46,0.016,13619.8,11.9,17.61,28.15,48.4,88.99,174.3
277,Aditya Birla Bluechip Fund 277,Equity,0.13,0.265,1.425,0.011,10681.52,13.52,19.45,30.11,49.91,88.22,165.59
278,HDFC Small Cap Fund 278,Equity,0.162,0.266,1.444,0.013,2576.59,19.97,28.28,43.01,69.87,120.8,221.43
279,SBI Hybrid Fund 279,Hybrid,0.126,0.109,1.484,0.014,29329.92,10.4,13.56,18.69,27.18,41.58,66.77
280,SBI Hybrid Fund 280,Hybrid,0.094,0.173,0.88,0.011,21887.81,10.93,14.89,21.63,33.37,54.51,93.98
281,Parag Parikh Balanced Advantage Fund 281,Hybrid,0.081,0.107,1.443,0.015,25054.37,9.32,12.32,17.27,25.59,39.98,65.67
282,HDFC Liquid Fund 282,Debt,0.1,0.077,0.722,0.018,13292.37,8.55,10.78,14.3,19.91,29.02,44.2
283,SBI Flexi Cap Fund 283,Equity,0.176,0.219,1.642,0.016,38934.15,16.11,23.23,36.09,60.05,106.55,200.87
284,Aditya Birla Debt Fund 284,Debt,0.099,0.096,0.53,0.007,7020.57,9.47,12.35,17.03,24.79,37.97,61.04
285,Axis Large Cap Fund 285,Equity,0.121,0.226,1.641,0.016,27340.74,16.14,22.74,34.36,55.42,95.07,172.79
286,HDFC Liquid Fund 286,Debt,0.081,0.037,0.606,0.006,29070.05,8.16,10.92,15.53,23.42,37.28,62.51
287,Mirae Asset Flexi Cap Fund 287,Equity,0.116,0.219,0.809,0.009,36459.85,10.57,15.29,23.83,39.82,70.97,134.43
288,HDFC Small Cap Fund 288,Equity,0.11,0.21,1.6,0.008,27976.7,14.62,21.83,35.28,61.37,114.32,227.02
289,Nippon India Large Cap Fund 289,Equity,0.136,0.268,1.354,0.005,38169.04,10.07,15,24.19,41.95,77.91,154.21
290,Aditya Birla Bluechip Fund 290,Equity,0.101,0.262,1.559,0.015,37935.1,10.02,13.99,20.92,33.35,56.47,101.21
291,Nippon India Debt Fund 291,Debt,0.094,0.1,0.758,0.012,36242.51,9.24,12.54,18.16,27.91,45.39,77.89
292,UTI Debt Fund 292,Debt,0.08,0.057,0.789,0.015,659.3,7.97,10.3,14.08,20.26,30.65,48.6
293,Aditya Birla Small Cap Fund 293,Equity,0.118,0.208,1.202,0.018,25750.43,13.13,18.3,27.31,43.43,73.35,131.1
294,ICICI Liquid Fund 294,Debt,0.055,0.046,0.992,0.006,24586.58,3.8,4.84,6.49,9.15,13.52,20.9
295,SBI Mid Cap Fund 295,Equity,0.127,0.274,1.298,0.006,3398.27,8.98,12.4,18.32,28.79,48,84.6
296,Parag Parikh Debt Fund 296,Debt,0.06,0.088,0.864,0.011,6557.65,4.56,6.03,8.48,12.6,19.74,32.53
297,HDFC Corporate Bond Fund 297,Debt,0.062,0.056,0.544,0.017,38446.13,4.93,6.38,8.73,12.58,19.07,30.31
298,Mirae Asset Debt Fund 298,Debt,0.082,0.059,0.945,0.017,6357.64,9.79,12.8,17.71,25.88,39.8,64.27
299,Aditya Birla Corporate Bond Fund 299,Debt,0.079,0.071,0.629,0.01,17058.31,8.57,10.95,14.74,20.87,30.99,48.18
300,HDFC Debt Fund 300,Debt,0.064,0.066,0.709,0.019,13335.19,5.17,6.53,8.69,12.13,17.74,27.11
301,Parag Parikh Mid Cap Fund 301,Equity,0.138,0.219,1.281,0.012,46898.99,10.49,14.67,21.99,35.16,59.71,107.35
302,Axis Debt Fund 302,Debt,0.082,0.033,1.133,0.019,39120.55,6.91,8.77,11.71,16.43,24.17,37.16
303,Axis Debt Fund 303,Debt,0.053,0.046,0.592,0.011,46169.84,3.78,4.94,6.83,9.97,15.3,24.67
304,Mirae Asset Small Cap Fund 304,Equity,0.101,0.192,0.845,0.006,14148.13,7.16,10.11,15.3,24.73,42.52,77.47
305,Nippon India Liquid Fund 305,Debt,0.099,0.056,0.8,0.018,13772.88,9.91,13.18,18.59,27.77,43.76,72.56
306,Mirae Asset Small Cap Fund 306,Equity,0.103,0.159,1.706,0.007,26854.82,5.69,8.38,13.32,22.75,41.55,80.76
307,HDFC Corporate Bond Fund 307,Debt,0.054,0.047,1.013,0.013,6835.42,5.91,7.5,10.01,14.04,20.62,31.69
308,Nippon India Flexi Cap Fund 308,Equity,0.105,0.213,1.06,0.016,49074.21,14.24,21.2,34.15,59.19,109.84,217.25
309,SBI Flexi Cap Fund 309,Equity,0.165,0.18,1.365,0.012,48614.26,12.11,16.94,25.38,40.57,68.88,123.81
310,Mirae Asset Balanced Advantage Fund 310,Hybrid,0.072,0.152,1.034,0.006,34345.83,9.04,12.42,18.25,28.5,47.2,82.59
311,HDFC Bluechip Fund 311,Equity,0.198,0.184,1.204,0.013,39689.15,16.65,23.13,34.38,54.46,91.55,162.84
312,HDFC Bluechip Fund 312,Equity,0.161,0.184,1.647,0.011,7477.5,14.8,21.14,32.44,53.26,93.14,172.84
313,Aditya Birla Balanced Advantage Fund 313,Hybrid,0.117,0.126,1.029,0.015,27498.88,12.41,16.59,23.58,35.49,56.41,94.43
314,UTI Liquid Fund 314,Debt,0.056,0.055,1.185,0.017,25114.17,5.45,7.27,10.32,15.5,24.58,41.04
315,Nippon India Flexi Cap Fund 315,Equity,0.116,0.2,1.557,0.013,10641.62,6.97,9.72,14.53,23.14,39.15,70.1
316,Kotak Debt Fund 316,Debt,0.058,0.048,1.163,0.013,37661.11,6.65,8.98,12.9,19.67,31.69,53.85
317,HDFC Large Cap Fund 317,Equity,0.107,0.22,1.709,0.013,25141.72,10.82,15.52,23.94,39.55,69.62,130.12
318,Aditya Birla Corporate Bond Fund 318,Debt,0.083,0.088,0.766,0.017,48241.59,6.73,8.78,12.12,17.67,27.09,43.59
319,UTI Hybrid Fund 319,Hybrid,0.077,0.116,1.306,0.009,15961.28,7.9,10.46,14.69,21.84,34.23,56.43
320,Mirae Asset Liquid Fund 320,Debt,0.076,0.061,0.89,0.007,30866.92,6.68,8.66,11.89,17.2,26.16,41.74
321,ICICI Large Cap Fund 321,Equity,0.117,0.226,1.398,0.006,18502.81,6.9,9.7,14.61,23.48,40.13,72.64
322,Kotak Small Cap Fund 322,Equity,0.18,0.295,1.657,0.007,37116.65,15.11,21.25,32.03,51.53,88.12,159.65
323,Nippon India Bluechip Fund 323,Equity,0.142,0.298,1.468,0.015,8714.77,10.4,15.44,24.79,42.81,79.12,155.82
324,Aditya Birla Hybrid Fund 324,Hybrid,0.1,0.096,0.71,0.013,26606.28,10.56,14.45,21.09,32.73,53.8,93.4
325,Mirae Asset Small Cap Fund 325,Equity,0.189,0.162,1.531,0.008,42979.76,21.79,31.16,47.9,78.77,138.02,256.66
326,Axis Debt Fund 326,Debt,0.077,0.08,0.72,0.012,41171.03,6.05,7.94,11.06,16.27,25.19,41
327,Mirae Asset Flexi Cap Fund 327,Equity,0.125,0.273,1.68,0.013,12594.83,13.37,19.58,30.94,52.49,95.14,183.51
328,UTI Hybrid Fund 328,Hybrid,0.077,0.104,0.814,0.01,22792.37,7.29,9.57,13.31,19.56,30.26,49.19
329,Parag Parikh Balanced Advantage Fund 329,Hybrid,0.1,0.138,1.29,0.017,42265,8.7,11.63,16.52,24.85,39.48,66.03
330,ICICI Bluechip Fund 330,Equity,0.113,0.251,1.125,0.015,3947.24,12.76,18.37,28.47,47.26,83.65,157.25
331,Nippon India Debt Fund 331,Debt,0.093,0.046,1.086,0.009,32322.65,8.72,11.85,17.17,26.4,42.97,73.8
332,Axis Hybrid Fund 332,Hybrid,0.106,0.111,0.87,0.005,15545.35,11.23,14.87,20.89,31.03,48.61,80.09
333,Axis Small Cap Fund 333,Equity,0.187,0.265,1.588,0.015,13384.2,14.72,20.33,30.02,47.2,78.71,138.74
334,HDFC Debt Fund 334,Debt,0.084,0.069,0.578,0.012,23287.73,7.38,9.42,12.67,17.92,26.58,41.26
335,Axis Flexi Cap Fund 335,Equity,0.155,0.207,1.777,0.007,21416.15,12.37,17.31,25.96,41.54,70.61,127.09
336,Mirae Asset Liquid Fund 336,Debt,0.087,0.094,0.696,0.018,14964.8,7.39,9.98,14.34,21.86,35.24,59.89
337,ICICI Mid Cap Fund 337,Equity,0.175,0.271,0.818,0.019,36470.21,13.3,19.07,29.4,48.51,85.31,159.26
338,Nippon India Balanced Advantage Fund 338,Hybrid,0.09,0.167,0.79,0.016,27264.57,8.46,11.83,17.72,28.31,48.04,86.3
339,UTI Bluechip Fund 339,Equity,0.124,0.152,1.269,0.01,30118.7,8.52,12.06,18.33,29.76,51.41,94.15
340,ICICI Balanced Advantage Fund 340,Hybrid,0.091,0.154,0.739,0.019,42687.06,11.92,16.52,24.51,38.72,64.91,115.09
341,Mirae Asset Debt Fund 341,Debt,0.095,0.043,0.555,0.009,39831.62,10.77,13.85,18.79,26.85,40.28,63.3
342,ICICI Large Cap Fund 342,Equity,0.157,0.249,1.052,0.008,24674.54,12.41,18.04,28.27,47.5,85.2,162.5
343,Kotak Balanced Advantage Fund 343,Hybrid,0.134,0.147,1.363,0.018,28802.73,15.98,21.66,31.29,47.98,77.85,133.22
344,Nippon India Liquid Fund 344,Debt,0.066,0.06,1.042,0.014,44679.9,6.89,8.87,12.06,17.27,25.98,40.94
345,Aditya Birla Liquid Fund 345,Debt,0.097,0.061,1.052,0.015,33983.1,10.78,13.78,18.58,26.35,39.2,61.06
346,Axis Debt Fund 346,Debt,0.089,0.098,0.684,0.009,23908.41,8.19,10.67,14.71,21.39,32.71,52.5
347,Mirae Asset Bluechip Fund 347,Equity,0.127,0.211,1.691,0.005,2468.42,12.78,17.81,26.58,42.28,71.43,127.72
348,Aditya Birla Hybrid Fund 348,Hybrid,0.134,0.104,1.076,0.012,23912.08,11.09,15.09,21.9,33.77,55.1,94.9
349,ICICI Liquid Fund 349,Debt,0.073,0.061,0.832,0.014,27081.87,6.45,8.51,11.89,17.57,27.34,44.74
350,HDFC Bluechip Fund 350,Equity,0.122,0.156,0.908,0.01,40227.99,8.74,12.48,19.15,31.42,54.92,101.86
351,HDFC Hybrid Fund 351,Hybrid,0.091,0.173,1.018,0.006,31044.79,9.3,12.13,16.76,24.43,37.48,60.36
352,UTI Flexi Cap Fund 352,Equity,0.135,0.226,1.674,0.012,35261.81,11.87,16.36,24.11,37.81,62.87,110.51
353,ICICI Bluechip Fund 353,Equity,0.139,0.259,1.682,0.015,13279.58,9.53,14.29,23.19,40.54,75.91,151.6
354,HDFC Hybrid Fund 354,Hybrid,0.137,0.162,0.701,0.015,3031.2,12.63,17.45,25.76,40.48,67.46,118.87
355,Nippon India Bluechip Fund 355,Equity,0.16,0.253,0.914,0.011,23083.71,13.55,19.72,30.94,52.07,93.57,178.8
356,SBI Flexi Cap Fund 356,Equity,0.112,0.213,1.551,0.006,4468.91,13.8,19.92,30.96,51.56,91.56,172.76
357,Mirae Asset Corporate Bond Fund 357,Debt,0.071,0.075,0.953,0.018,30135.27,6.99,9.09,12.51,18.17,27.74,44.45
358,SBI Mid Cap Fund 358,Equity,0.191,0.242,1.674,0.016,6467.64,17.59,26.21,42.27,73.34,136.25,269.81
359,SBI Debt Fund 359,Debt,0.091,0.099,1.074,0.015,26858.39,10.42,14.14,20.44,31.37,50.94,87.26
360,HDFC Corporate Bond Fund 360,Debt,0.079,0.033,0.586,0.013,17486.78,6.4,8.53,12.08,18.11,28.67,47.77
361,Nippon India Liquid Fund 361,Debt,0.083,0.089,0.985,0.011,33811.85,10.05,12.85,17.32,24.54,36.49,56.78
362,Nippon India Balanced Advantage Fund 362,Hybrid,0.091,0.159,1.057,0.017,41209.91,6.5,8.93,13.11,20.46,33.86,59.19
363,Mirae Asset Corporate Bond Fund 363,Debt,0.066,0.071,0.76,0.014,35426.5,6.9,9.27,13.26,20.11,32.22,54.4
364,HDFC Liquid Fund 364,Debt,0.069,0.042,0.801,0.007,44559.8,5.46,7.31,10.42,15.72,25.06,42.08
365,HDFC Small Cap Fund 365,Equity,0.134,0.228,1.179,0.005,19600.79,10.42,14.4,21.3,33.53,56,98.89
366,HDFC Bluechip Fund 366,Equity,0.168,0.241,1.165,0.008,49407.78,13.44,19.82,31.56,53.99,98.79,192.45
367,HDFC Small Cap Fund 367,Equity,0.117,0.296,1.028,0.02,26829.68,13.35,19.14,29.5,48.67,85.57,159.71
368,Axis Hybrid Fund 368,Hybrid,0.073,0.083,1.01,0.007,1655.93,6.45,8.95,13.29,21.03,35.29,62.66
369,Kotak Hybrid Fund 369,Hybrid,0.133,0.092,1.465,0.01,44475.98,12.65,17.48,25.83,40.61,67.74,119.44
370,Axis Large Cap Fund 370,Equity,0.183,0.298,1.088,0.019,19779.35,17.69,24.99,37.89,61.35,105.67,192.9
371,Aditya Birla Small Cap Fund 371,Equity,0.198,0.222,1.332,0.008,12721.92,19.43,27.24,40.93,65.63,111.82,201.77
372,Nippon India Mid Cap Fund 372,Equity,0.136,0.274,1.509,0.008,25618.6,16.08,22.99,35.37,58.2,102.03,189.85
373,Kotak Corporate Bond Fund 373,Debt,0.077,0.042,0.908,0.02,7950.81,6.63,8.95,12.86,19.62,31.63,53.77
374,SBI Small Cap Fund 374,Equity,0.14,0.299,1.68,0.014,28684.18,12.84,18.44,28.49,47.12,83.09,155.56
375,Parag Parikh Mid Cap Fund 375,Equity,0.12,0.209,0.839,0.012,27379.72,16.06,23.25,36.26,60.59,108.02,204.68
376,ICICI Flexi Cap Fund 376,Equity,0.16,0.203,1.258,0.006,37420.07,12.17,18.15,29.3,50.91,94.71,187.82
377,Nippon India Flexi Cap Fund 377,Equity,0.179,0.191,1.677,0.019,7865.4,19.18,26.98,40.7,65.54,112.21,203.53
378,ICICI Hybrid Fund 378,Hybrid,0.139,0.128,1.391,0.014,19078.83,11.74,16.19,23.87,37.45,62.31,109.59
379,Aditya Birla Bluechip Fund 379,Equity,0.156,0.216,1.406,0.019,18432.27,16.8,24.1,37.2,61.46,108.21,202.28
380,HDFC Mid Cap Fund 380,Equity,0.189,0.218,1.243,0.014,29774.63,22.84,33.58,53.33,90.96,165.84,321.86
381,Nippon India Mid Cap Fund 381,Equity,0.12,0.166,1.654,0.012,42424.96,8.52,11.95,17.99,28.88,49.27,89.05
382,UTI Mid Cap Fund 382,Equity,0.131,0.188,0.831,0.02,11426.9,10.58,15.5,24.49,41.54,75.28,145.17
383,Nippon India Large Cap Fund 383,Equity,0.148,0.253,1.523,0.015,7154.54,10.14,14.59,22.61,37.53,66.42,124.84
384,Kotak Large Cap Fund 384,Equity,0.133,0.26,1.329,0.017,49532.03,15.92,23.61,37.86,65.28,120.42,236.69
385,SBI Liquid Fund 385,Debt,0.1,0.036,0.502,0.006,17418.23,9.37,12.57,17.95,27.16,43.43,73.14
386,Kotak Bluechip Fund 386,Equity,0.107,0.151,1.737,0.017,40554.57,6.81,10.06,16.08,27.63,50.76,99.33
387,HDFC Small Cap Fund 387,Equity,0.17,0.166,1.199,0.016,14376.56,13.27,18.79,28.56,46.36,80.07,146.64
388,Axis Debt Fund 388,Debt,0.065,0.068,0.942,0.014,35038.94,7.69,9.8,13.17,18.61,27.56,42.72
389,ICICI Debt Fund 389,Debt,0.065,0.035,0.85,0.017,35500.78,5.42,7.22,10.21,15.3,24.2,40.28
390,SBI Large Cap Fund 390,Equity,0.171,0.25,1.011,0.018,20364.65,19.3,27.98,43.71,73.2,130.82,248.49
391,Nippon India Liquid Fund 391,Debt,0.07,0.093,0.725,0.012,11688.44,7.78,10.22,14.23,20.94,32.46,52.87
392,Mirae Asset Flexi Cap Fund 392,Equity,0.103,0.182,1.216,0.016,9798.22,7.82,11.01,16.63,26.82,45.99,83.55
393,Nippon India Corporate Bond Fund 393,Debt,0.093,0.062,1.075,0.013,32036,8.03,10.84,15.6,23.81,38.42,65.38
394,SBI Large Cap Fund 394,Equity,0.171,0.273,1.604,0.013,26248.41,17.93,25.4,38.61,62.7,108.37,198.55
395,Nippon India Liquid Fund 395,Debt,0.064,0.065,0.699,0.007,31663.11,6.25,8.46,12.22,18.72,30.34,51.86
396,Mirae Asset Bluechip Fund 396,Equity,0.132,0.15,1.311,0.006,14170.39,9.73,14.04,21.79,36.24,64.28,121.12
397,Aditya Birla Bluechip Fund 397,Equity,0.106,0.276,0.804,0.009,37174.75,10.66,15.41,23.99,40.03,71.24,134.73
398,Mirae Asset Bluechip Fund 398,Equity,0.113,0.235,1.667,0.014,45406.39,6.48,9.61,15.39,26.53,48.91,96.06
399,ICICI Mid Cap Fund 399,Equity,0.191,0.207,1.764,0.006,34507.45,23.42,33.71,52.21,86.59,153.14,287.63
400,Parag Parikh Bluechip Fund 400,Equity,0.193,0.277,1.476,0.007,13084.45,21.27,31.67,51.03,88.48,164.21,324.86
401,Kotak Bluechip Fund 401,Equity,0.128,0.169,1.476,0.019,13813.92,14.87,20.54,30.34,47.69,79.52,140.17
402,Axis Mid Cap Fund 402,Equity,0.163,0.3,0.905,0.012,19563.45,17.06,24.65,38.37,63.97,113.79,215.04
403,Mirae Asset Mid Cap Fund 403,Equity,0.146,0.181,1.169,0.011,3091.57,13.84,20.25,31.97,54.19,98.1,188.96
404,Mirae Asset Large Cap Fund 404,Equity,0.155,0.212,1.52,0.011,43553.28,19.84,29.56,47.65,82.64,153.44,303.68
405,Aditya Birla Liquid Fund 405,Debt,0.082,0.086,1.028,0.006,20039.35,8,10.17,13.63,19.17,28.27,43.62
406,UTI Corporate Bond Fund 406,Debt,0.056,0.082,1.182,0.006,34268.6,7.54,10.13,14.49,21.96,35.18,59.37
407,Aditya Birla Debt Fund 407,Debt,0.079,0.036,0.53,0.015,41253.82,6.4,8.65,12.46,19.04,30.77,52.44
408,Aditya Birla Hybrid Fund 408,Hybrid,0.108,0.09,1.25,0.009,45597.9,13.02,17.6,25.34,38.72,62.56,106.59
409,SBI Debt Fund 409,Debt,0.085,0.096,0.522,0.016,16847.02,8.87,11.52,15.84,22.97,35.03,56.04
410,Aditya Birla Small Cap Fund 410,Equity,0.101,0.22,1.763,0.013,34038.34,5.65,7.95,11.99,19.3,33.05,59.95
411,Axis Corporate Bond Fund 411,Debt,0.089,0.084,0.865,0.02,6714.74,10.11,12.75,16.89,23.5,34.2,52.02
412,Kotak Hybrid Fund 412,Hybrid,0.124,0.161,0.796,0.009,1368.84,11.4,15.28,21.76,32.86,52.4,88.01
413,Kotak Balanced Advantage Fund 413,Hybrid,0.124,0.132,0.978,0.011,567,12.62,17.57,26.18,41.58,70.1,125.06
414,Kotak Small Cap Fund 414,Equity,0.155,0.282,1.476,0.013,41573.27,13.96,19.67,29.71,47.92,82.19,149.35
415,Nippon India Balanced Advantage Fund 415,Hybrid,0.09,0.101,0.822,0.018,35651.7,10.43,14.02,20.08,30.47,48.88,82.63
416,SBI Large Cap Fund 416,Equity,0.148,0.262,1.274,0.006,47910.6,12.05,17.15,26.22,42.87,74.63,137.81
417,Mirae Asset Corporate Bond Fund 417,Debt,0.089,0.099,0.881,0.019,4242.45,7.46,9.54,12.84,18.19,27.03,42.05
418,Mirae Asset Bluechip Fund 418,Equity,0.123,0.179,0.941,0.014,39175.43,12.28,17.43,26.55,43.22,74.88,137.57
419,ICICI Flexi Cap Fund 419,Equity,0.153,0.286,0.964,0.015,40588.08,19.45,27.44,41.52,67.11,115.34,210.09
420,Axis Debt Fund 420,Debt,0.065,0.063,1.123,0.016,3579.06,6.82,9.03,12.67,18.82,29.47,48.51
421,HDFC Large Cap Fund 421,Equity,0.101,0.245,1.248,0.007,47917.74,5.23,7.6,11.9,19.99,35.83,68.29
422,SBI Hybrid Fund 422,Hybrid,0.118,0.088,0.92,0.017,23253.41,9.87,13.78,20.6,32.84,55.6,99.65
423,Parag Parikh Mid Cap Fund 423,Equity,0.117,0.217,1.009,0.006,42260.66,8.19,11.61,17.68,28.76,49.8,91.44
424,SBI Debt Fund 424,Debt,0.055,0.075,0.849,0.011,47674.49,3.84,5.22,7.57,11.66,18.99,32.66
425,Mirae Asset Flexi Cap Fund 425,Equity,0.144,0.239,0.873,0.014,49068.3,14.42,20.82,32.35,53.87,95.66,180.48
426,Axis Mid Cap Fund 426,Equity,0.173,0.203,1.498,0.011,47668.39,12.97,19,30.05,51,92.51,178.54
427,SBI Corporate Bond Fund 427,Debt,0.07,0.09,1.041,0.01,11985.97,5.84,7.88,11.33,17.27,27.85,47.33
428,Nippon India Bluechip Fund 428,Equity,0.116,0.235,1.572,0.012,1099.1,8.65,12,17.8,28.12,47.15,83.61
429,Parag Parikh Small Cap Fund 429,Equity,0.136,0.289,1.029,0.015,11492.76,8.97,12.79,19.6,32.12,56.07,103.85
430,UTI Large Cap Fund 430,Equity,0.151,0.271,1.054,0.009,20436.84,15.75,21.56,31.51,48.97,80.6,140.12
431,Parag Parikh Small Cap Fund 431,Equity,0.129,0.21,1.72,0.02,2723.11,15.66,22.28,34.08,55.73,97.03,179.2
432,Nippon India Bluechip Fund 432,Equity,0.164,0.164,0.833,0.006,22496.08,16.64,23.66,36.14,58.99,102.53,189.01
433,Parag Parikh Bluechip Fund 433,Equity,0.179,0.188,1.364,0.01,33003.24,16.91,24.32,37.64,62.4,110.26,206.93
434,SBI Bluechip Fund 434,Equity,0.119,0.288,0.902,0.013,11432.21,8.45,11.71,17.35,27.39,45.86,81.22
435,Mirae Asset Flexi Cap Fund 435,Equity,0.104,0.176,1.667,0.009,47547.73,14.02,20.92,33.8,58.77,109.41,217.17
436,Kotak Liquid Fund 436,Debt,0.079,0.066,1.031,0.009,17975.99,7.39,9.52,12.93,18.5,27.79,43.75
437,Nippon India Corporate Bond Fund 437,Debt,0.092,0.058,1.034,0.017,44499.93,9.78,12.72,17.5,25.4,38.77,62.1
438,SBI Small Cap Fund 438,Equity,0.12,0.188,1.096,0.014,2124.08,7.25,10.02,14.81,23.29,38.85,68.53
439,Mirae Asset Small Cap Fund 439,Equity,0.13,0.282,1.26,0.006,41423.97,15.16,22.02,34.46,57.84,103.62,197.33
440,Axis Large Cap Fund 440,Equity,0.177,0.203,1.625,0.013,23433.04,12.97,18.04,26.86,42.62,71.79,127.95
441,Kotak Liquid Fund 441,Debt,0.065,0.095,0.774,0.013,26835.07,5.42,7.2,10.14,15.12,23.78,39.34
442,Mirae Asset Debt Fund 442,Debt,0.068,0.081,0.64,0.008,999.49,4.88,6.2,8.29,11.66,17.17,26.46
443,Axis Mid Cap Fund 443,Equity,0.188,0.158,0.991,0.01,36720.37,21.8,30.19,44.72,70.55,118.08,209
444,Axis Balanced Advantage Fund 444,Hybrid,0.129,0.122,0.942,0.01,35774.76,13.82,18.29,25.69,38.17,59.81,98.54
445,ICICI Balanced Advantage Fund 445,Hybrid,0.096,0.17,1.345,0.02,37835.29,7.2,9.53,13.39,19.91,31.21,51.45
446,Kotak Debt Fund 446,Debt,0.08,0.076,0.555,0.013,35611.38,8.89,11.96,17.13,26.01,41.73,70.58
447,SBI Balanced Advantage Fund 447,Hybrid,0.089,0.143,1.085,0.01,47485.83,10.88,14.58,20.77,31.35,49.99,83.96
448,Mirae Asset Flexi Cap Fund 448,Equity,0.156,0.267,1.508,0.008,48634.79,17.28,24,35.66,56.45,94.85,168.58
449,UTI Large Cap Fund 449,Equity,0.17,0.257,1.262,0.019,34882.47,14.93,22.18,35.64,61.6,113.93,224.55
450,Nippon India Balanced Advantage Fund 450,Hybrid,0.089,0.161,0.856,0.01,17112.72,5.98,7.82,10.84,15.86,24.42,39.49
451,Axis Flexi Cap Fund 451,Equity,0.186,0.255,1.527,0.013,47380.99,15.68,21.38,31.1,48.07,78.67,135.89
452,HDFC Bluechip Fund 452,Equity,0.138,0.174,1.586,0.016,19525.57,10.61,15.3,23.75,39.48,69.99,131.82
453,ICICI Small Cap Fund 453,Equity,0.112,0.27,1.416,0.018,5326.96,10.41,15.46,24.84,42.91,79.33,156.27
454,UTI Mid Cap Fund 454,Equity,0.171,0.23,1.341,0.011,15787.3,20.27,28.54,43.1,69.46,119.04,216.14
455,Aditya Birla Liquid Fund 455,Debt,0.059,0.086,0.887,0.011,7019.89,4.94,6.41,8.8,12.73,19.36,30.9
456,Parag Parikh Balanced Advantage Fund 456,Hybrid,0.081,0.111,0.932,0.018,33798.8,8.64,11.47,16.15,24.07,37.83,62.56
457,Kotak Liquid Fund 457,Debt,0.063,0.074,0.9,0.017,45351.31,6.8,8.84,12.17,17.66,26.96,43.19
458,SBI Small Cap Fund 458,Equity,0.167,0.158,1.349,0.009,15685.44,17.22,24.47,37.35,60.94,105.85,194.98
459,HDFC Debt Fund 459,Debt,0.067,0.081,0.783,0.006,39296.11,5.88,7.96,11.5,17.61,28.55,48.82
460,SBI Balanced Advantage Fund 460,Hybrid,0.118,0.113,0.745,0.011,47250.2,13.38,17.58,24.49,36.02,55.81,90.86
461,Axis Debt Fund 461,Debt,0.087,0.038,1.047,0.017,30254.58,10.17,13.31,18.45,27,41.59,67.27
462,Axis Liquid Fund 462,Debt,0.064,0.06,1.186,0.006,26175.7,7.98,10.69,15.23,23,36.69,61.64
463,HDFC Large Cap Fund 463,Equity,0.197,0.167,1.204,0.016,35375.44,18.95,25.83,37.56,58.02,94.9,163.82
464,Mirae Asset Bluechip Fund 464,Equity,0.135,0.21,1.064,0.008,24410.47,11.19,16.06,24.81,41.03,72.33,135.38
465,SBI Liquid Fund 465,Debt,0.083,0.098,0.923,0.006,4241.39,8.83,11.36,15.42,22.02,33.04,51.93
466,Aditya Birla Small Cap Fund 466,Equity,0.13,0.164,1.399,0.014,32600.99,9.39,13.87,22.14,37.98,69.68,136.14
467,Kotak Large Cap Fund 467,Equity,0.17,0.206,1.364,0.012,33766.77,21.84,31.32,48.29,79.69,140.17,261.72
468,Aditya Birla Balanced Advantage Fund 468,Hybrid,0.107,0.105,0.702,0.008,6294.77,8.73,11.59,16.33,24.34,38.28,63.33
469,Mirae Asset Hybrid Fund 469,Hybrid,0.113,0.101,1.451,0.005,38728.9,8.41,11.7,17.43,27.66,46.61,83.1
470,Axis Large Cap Fund 470,Equity,0.137,0.158,1.427,0.011,46845.22,9.88,14.23,22.07,36.66,64.93,122.17
471,Mirae Asset Small Cap Fund 471,Equity,0.194,0.183,1.526,0.014,37100.71,17.14,24.64,38.12,63.14,111.49,209.06
472,Aditya Birla Debt Fund 472,Debt,0.055,0.031,0.804,0.006,37545.03,6.11,8.2,11.72,17.74,28.39,47.87
473,Mirae Asset Small Cap Fund 473,Equity,0.143,0.259,0.809,0.014,30857.94,11.36,15.47,22.47,34.65,56.57,97.48
474,Mirae Asset Balanced Advantage Fund 474,Hybrid,0.087,0.151,0.773,0.008,43934.77,6.52,9.06,13.48,21.37,35.96,64.01
475,Axis Bluechip Fund 475,Equity,0.121,0.191,1.048,0.006,23217.56,15.84,22.87,35.55,59.2,105.16,198.47
476,ICICI Hybrid Fund 476,Hybrid,0.112,0.139,0.998,0.01,44305.73,11.8,16.13,23.52,36.45,59.82,103.68
477,ICICI Small Cap Fund 477,Equity,0.193,0.232,1,0.014,37272.63,16.05,23.89,38.46,66.61,123.51,244.05
478,UTI Liquid Fund 478,Debt,0.053,0.056,1.145,0.014,27147.43,4.98,6.46,8.87,12.84,19.54,31.19
479,HDFC Bluechip Fund 479,Equity,0.19,0.25,1.587,0.012,31697.24,19.19,26.22,38.24,59.27,97.29,168.61
480,Aditya Birla Hybrid Fund 480,Hybrid,0.105,0.134,0.816,0.017,21259.79,8.5,11.67,17.13,26.73,44.22,77.28
481,Aditya Birla Hybrid Fund 481,Hybrid,0.072,0.11,1.102,0.006,24809.24,4.7,6.39,9.27,14.28,23.28,40.05
482,Axis Bluechip Fund 482,Equity,0.176,0.211,1.455,0.009,8394.87,15.05,21.29,32.33,52.42,90.45,165.44
483,Kotak Bluechip Fund 483,Equity,0.119,0.25,1.682,0.017,34414.15,9.79,13.8,20.87,33.69,57.85,105.27
484,ICICI Small Cap Fund 484,Equity,0.129,0.196,1.05,0.013,27009.91,15.09,21.15,31.77,50.91,86.68,156.3
485,Kotak Hybrid Fund 485,Hybrid,0.128,0.159,0.946,0.019,47664.34,13.2,17.79,25.51,38.82,62.43,105.83
486,Axis Hybrid Fund 486,Hybrid,0.096,0.107,0.885,0.01,45226.14,10.58,14.75,22.01,35,59.11,105.66
487,Aditya Birla Mid Cap Fund 487,Equity,0.183,0.202,1.322,0.017,44276.64,20.63,28.67,42.65,67.61,113.76,202.52
488,Nippon India Mid Cap Fund 488,Equity,0.141,0.152,1.096,0.012,20849.13,9.41,13.15,19.66,31.37,53.14,95.31
489,Axis Corporate Bond Fund 489,Debt,0.071,0.082,1.104,0.013,39576.89,7.48,9.46,12.6,17.61,25.78,39.46
490,Aditya Birla Debt Fund 490,Debt,0.054,0.031,0.616,0.018,12456.07,5.39,7.11,9.95,14.72,22.95,37.62
491,Parag Parikh Mid Cap Fund 491,Equity,0.122,0.228,1.408,0.009,3357.74,10.54,15.48,24.53,41.74,75.92,146.98
492,Aditya Birla Mid Cap Fund 492,Equity,0.134,0.262,1.372,0.02,21029.42,9.47,12.97,18.98,29.53,48.68,84.75
493,HDFC Bluechip Fund 493,Equity,0.154,0.254,1.502,0.008,25255.58,17.68,25.27,38.84,63.85,111.83,207.87
494,ICICI Debt Fund 494,Debt,0.079,0.032,1.162,0.015,25037.34,8.65,11.28,15.56,22.64,34.67,55.71
495,Nippon India Liquid Fund 495,Debt,0.085,0.044,0.774,0.018,10613.66,7.49,10.05,14.34,21.69,34.67,58.38
496,HDFC Corporate Bond Fund 496,Debt,0.071,0.031,1.055,0.006,23975.62,8.3,11.03,15.57,23.27,36.69,60.87
497,Kotak Hybrid Fund 497,Hybrid,0.088,0.081,1.279,0.013,41887.83,7.43,10.1,14.63,22.52,36.66,62.99
498,Mirae Asset Debt Fund 498,Debt,0.092,0.064,0.734,0.017,22839.06,8.64,10.97,14.66,20.58,30.27,46.57
499,ICICI Mid Cap Fund 499,Equity,0.185,0.282,1.266,0.006,19697.39,22.67,31.27,46.09,72.3,120.28,211.48
500,UTI Large Cap Fund 500,Equity,0.19,0.181,0.867,0.018,19775.54,23.5,33.43,51.08,83.45,145.15,267.78
